time,area,weather,max_temperature,min_temperature,aqi,aqiLevel,wind_direction,wind_power,aqiInfo
2021-01-01 00:00:00,无锡,晴,5,-4,56,2,西风,2级,良
2021-01-02 00:00:00,无锡,多云-晴,7,-2,71,2,东北风,2级,良
2021-01-03 00:00:00,无锡,雾-多云,11,3,77,2,东风,3级,良
2021-01-04 00:00:00,无锡,阴-小雨,11,5,54,2,东风,3级,良
2021-01-05 00:00:00,无锡,阴,8,0,62,2,东北风,3级,良
2021-01-06 00:00:00,无锡,阴-多云,4,-7,58,2,北风,3级,良
2021-01-07 00:00:00,无锡,阴-多云,-4,-7,73,2,西北风,4级,良
2021-01-08 00:00:00,无锡,多云-晴,0,-7,52,2,西北风,3级,良
2021-01-09 00:00:00,无锡,晴,4,-5,59,2,西北风,3级,良
2021-01-10 00:00:00,无锡,阴-多云,5,-3,75,2,西北风,2级,良
2021-01-11 00:00:00,无锡,阴-晴,6,-3,79,2,西北风,3级,良
2021-01-12 00:00:00,无锡,晴,10,0,85,2,西南风,3级,良
2021-01-13 00:00:00,无锡,晴-多云,16,2,70,2,西南风,微风,良
2021-01-14 00:00:00,无锡,多云-晴,17,2,89,2,东南风,2级,良
2021-01-15 00:00:00,无锡,晴-阴,18,1,105,3,西北风,3级,轻度
2021-01-16 00:00:00,无锡,阴-多云,5,-1,81,2,东北风,3级,良
2021-01-17 00:00:00,无锡,多云-晴,6,-2,67,2,西北风,2级,良
2021-01-18 00:00:00,无锡,晴,10,0,86,2,西南风,2级,良
2021-01-19 00:00:00,无锡,晴,12,3,86,2,东南风,3级,良
2021-01-20 00:00:00,无锡,多云-小雨,17,9,54,2,东南风,3级,良
2021-01-21 00:00:00,无锡,小雨,14,8,67,2,北风,2级,良
2021-01-22 00:00:00,无锡,中雨,10,6,79,2,东北风,微风,良
2021-01-23 00:00:00,无锡,小雨-多云,7,1,72,2,北风,3级,良
2021-01-24 00:00:00,无锡,多云-阴,8,6,109,3,东北风,2级,轻度
2021-01-25 00:00:00,无锡,阴-小雨,13,8,60,2,东南风,2级,良
2021-01-26 00:00:00,无锡,小雨-多云,7,3,56,2,西北风,3级,良
2021-01-27 00:00:00,无锡,多云,10,4,77,2,东北风,2级,良
2021-01-28 00:00:00,无锡,晴,10,-3,103,3,西北风,3级,轻度
2021-01-29 00:00:00,无锡,晴,9,0,72,2,东南风,3级,良
2021-01-30 00:00:00,无锡,晴-多云,14,7,71,2,东南风,微风,良
2021-01-31 00:00:00,无锡,阴-小雨,14,8,78,2,南风,2级,良
2021-02-01 00:00:00,无锡,小雨-多云,10,2,76,2,西风,2级,良
2021-02-02 00:00:00,无锡,晴-多云,9,2,85,2,东北风,微风,良
2021-02-03 00:00:00,无锡,晴,15,5,71,2,东南风,3级,良
2021-02-04 00:00:00,无锡,晴-小雨,13,6,84,2,东北风,3级,良
2021-02-05 00:00:00,无锡,小雨-多云,10,5,61,2,东南风,2级,良
2021-02-06 00:00:00,无锡,晴,17,4,67,2,西南风,2级,良
2021-02-07 00:00:00,无锡,晴-阵雨,20,4,65,2,东北风,2级,良
2021-02-08 00:00:00,无锡,阴-多云,9,1,45,1,东北风,3级,优
2021-02-09 00:00:00,无锡,多云-晴,12,5,26,1,东南风,3级,优
2021-02-10 00:00:00,无锡,阴-小雨,12,7,32,1,东南风,微风,优
2021-02-11 00:00:00,无锡,小雨-阴,10,7,38,1,东南风,3级,优
2021-02-12 00:00:00,无锡,多云-阴,13,7,47,1,东南风,微风,优
2021-02-13 00:00:00,无锡,多云,17,9,45,1,东南风,2级,优
2021-02-14 00:00:00,无锡,小雨-晴,20,8,47,1,西南风,3级,优
2021-02-15 00:00:00,无锡,阴,12,3,67,2,东北风,3级,良
2021-02-16 00:00:00,无锡,多云-晴,14,0,52,2,东北风,3级,良
2021-02-17 00:00:00,无锡,晴,8,-3,47,1,东北风,3级,优
2021-02-18 00:00:00,无锡,晴,10,1,43,1,西北风,2级,优
2021-02-19 00:00:00,无锡,多云-晴,18,8,48,1,西南风,3级,优
2021-02-20 00:00:00,无锡,晴,23,8,46,1,西南风,3级,优
2021-02-21 00:00:00,无锡,晴,25,11,38,1,西南风,3级,优
2021-02-22 00:00:00,无锡,阴-多云,25,5,61,2,东北风,3级,良
2021-02-23 00:00:00,无锡,多云-晴,14,5,42,1,东北风,4级,优
2021-02-24 00:00:00,无锡,晴-小雨,17,8,39,1,东风,3级,优
2021-02-25 00:00:00,无锡,大雨-小雨,14,8,53,2,东风,3级,良
2021-02-26 00:00:00,无锡,小雨-阴,9,7,34,1,东北风,4级,优
2021-02-27 00:00:00,无锡,小雨,12,9,40,1,东北风,3级,优
2021-02-28 00:00:00,无锡,阴-小雨,13,10,25,1,东南风,微风,优
2021-03-01 00:00:00,无锡,中雨-阵雨,13,2,36,1,西北风,3级,优
2021-03-02 00:00:00,无锡,多云-晴,10,2,50,1,东北风,3级,优
2021-03-03 00:00:00,无锡,阴-小雨,10,8,52,2,东南风,3级,良
2021-03-04 00:00:00,无锡,阴-多云,17,4,52,2,西风,2级,良
2021-03-05 00:00:00,无锡,阴-小雨,12,8,77,2,东南风,3级,良
2021-03-06 00:00:00,无锡,阴-小雨,10,5,49,1,东北风,4级,优
2021-03-07 00:00:00,无锡,小雨-阴,7,5,51,2,北风,3级,良
2021-03-08 00:00:00,无锡,雾-小雨,12,7,61,2,东风,2级,良
2021-03-09 00:00:00,无锡,小雨-多云,11,5,47,1,东风,2级,优
2021-03-10 00:00:00,无锡,阴-小雨,16,9,57,2,东南风,微风,良
2021-03-11 00:00:00,无锡,小雨-阴,11,9,59,2,东南风,3级,良
2021-03-12 00:00:00,无锡,阴,12,5,56,2,西北风,3级,良
2021-03-13 00:00:00,无锡,阴-晴,16,5,72,2,东风,2级,良
2021-03-14 00:00:00,无锡,雾-多云,19,10,90,2,东南风,3级,良
2021-03-15 00:00:00,无锡,小雨,21,12,75,2,东南风,微风,良
2021-03-16 00:00:00,无锡,阴-小雨,14,8,85,2,东北风,3级,良
2021-03-17 00:00:00,无锡,小雨-阴,11,9,74,2,东北风,3级,良
2021-03-18 00:00:00,无锡,阴-小雨,14,10,57,2,东北风,2级,良
2021-03-19 00:00:00,无锡,小雨,11,9,49,1,东北风,3级,优
2021-03-20 00:00:00,无锡,小雨-阴,11,7,49,1,西北风,3级,优
2021-03-21 00:00:00,无锡,多云,14,3,106,3,西北风,3级,轻度
2021-03-22 00:00:00,无锡,晴,15,5,57,2,西北风,2级,良
2021-03-23 00:00:00,无锡,多云,18,9,58,2,东南风,3级,良
2021-03-24 00:00:00,无锡,多云-晴,20,8,79,2,西南风,微风,良
2021-03-25 00:00:00,无锡,晴,23,9,72,2,东南风,2级,良
2021-03-26 00:00:00,无锡,多云-小雨,24,15,55,2,东南风,4级,良
2021-03-27 00:00:00,无锡,小雨-阴,18,11,47,1,西南风,3级,优
2021-03-28 00:00:00,无锡,晴,24,12,65,2,西南风,2级,良
2021-03-29 00:00:00,无锡,阴,26,15,93,2,东风,3级,良
2021-03-30 00:00:00,无锡,扬沙-小雨,20,12,161,4,东北风,3级,中度
2021-03-31 00:00:00,无锡,阴-阵雨,15,14,131,3,东风,4级,轻度
2021-04-01 00:00:00,无锡,小雨,15,14,36,1,东北风,2级,优
2021-04-02 00:00:00,无锡,阴-多云,18,14,64,2,西北风,2级,良
2021-04-03 00:00:00,无锡,小雨-多云,15,9,44,1,西北风,3级,优
2021-04-04 00:00:00,无锡,晴,17,5,46,1,北风,3级,优
2021-04-05 00:00:00,无锡,阴,18,10,44,1,东北风,3级,优
2021-04-06 00:00:00,无锡,阴,21,10,47,1,东风,2级,优
2021-04-07 00:00:00,无锡,阴-小雨,17,10,43,1,东南风,2级,优
2021-04-08 00:00:00,无锡,多云-晴,19,6,41,1,东风,2级,优
2021-04-09 00:00:00,无锡,晴-多云,20,7,50,1,东北风,3级,优
2021-04-10 00:00:00,无锡,阴-小雨,20,12,49,1,东风,3级,优
2021-04-11 00:00:00,无锡,小雨,17,15,41,1,东南风,3级,优
2021-04-12 00:00:00,无锡,阴-晴,18,13,42,1,西北风,微风,优
2021-04-13 00:00:00,无锡,多云,20,11,71,2,东北风,3级,良
2021-04-14 00:00:00,无锡,阴-多云,14,9,39,1,东风,3级,优
2021-04-15 00:00:00,无锡,阴-晴,19,11,43,1,东南风,3级,优
2021-04-16 00:00:00,无锡,阴-晴,24,12,79,2,西南风,2级,良
2021-04-17 00:00:00,无锡,阴,20,8,125,3,西北风,3级,轻度
2021-04-18 00:00:00,无锡,阴-晴,20,10,56,2,东南风,2级,良
2021-04-19 00:00:00,无锡,晴-多云,23,11,62,2,东南风,3级,良
2021-04-20 00:00:00,无锡,阴-多云,23,15,52,2,东南风,微风,良
2021-04-21 00:00:00,无锡,阴-小雨,24,17,50,1,东南风,4级,优
2021-04-22 00:00:00,无锡,中雨-阴,22,16,53,2,东南风,3级,良
2021-04-23 00:00:00,无锡,阴-小雨,22,17,66,2,西北风,2级,良
2021-04-24 00:00:00,无锡,小雨,20,16,66,2,东北风,3级,良
2021-04-25 00:00:00,无锡,阴,24,14,61,2,东北风,微风,良
2021-04-26 00:00:00,无锡,多云-小雨,25,16,49,1,东南风,3级,优
2021-04-27 00:00:00,无锡,中雨-晴,18,14,42,1,东南风,微风,优
2021-04-28 00:00:00,无锡,雾-多云,24,13,80,2,西北风,微风,良
2021-04-29 00:00:00,无锡,阴-晴,23,17,78,2,西南风,3级,良
2021-04-30 00:00:00,无锡,晴-雷阵雨,31,16,62,2,西南风,3级,良
2021-05-01 00:00:00,无锡,晴,25,14,52,2,西北风,3级,良
2021-05-02 00:00:00,无锡,晴-多云,22,14,43,1,东北风,3级,优
2021-05-03 00:00:00,无锡,阴-中雨,27,20,50,1,东南风,4级,优
2021-05-04 00:00:00,无锡,小雨-多云,22,14,40,1,西南风,4级,优
2021-05-05 00:00:00,无锡,晴-多云,25,16,74,2,西南风,2级,良
2021-05-06 00:00:00,无锡,阴-小雨,26,18,57,2,东南风,微风,良
2021-05-07 00:00:00,无锡,多云,28,18,74,2,西风,3级,良
2021-05-08 00:00:00,无锡,阴-晴,30,19,208,5,西南风,2级,重度
2021-05-09 00:00:00,无锡,晴,33,20,79,2,南风,2级,良
2021-05-10 00:00:00,无锡,多云-雷阵雨,35,22,62,2,南风,2级,良
2021-05-11 00:00:00,无锡,阴-小雨,21,19,58,2,北风,2级,良
2021-05-12 00:00:00,无锡,中雨-阵雨,21,19,56,2,东北风,2级,良
2021-05-13 00:00:00,无锡,阴-雷阵雨,22,20,51,2,东南风,3级,良
2021-05-14 00:00:00,无锡,小雨-雷阵雨,30,25,57,2,东南风,2级,良
2021-05-15 00:00:00,无锡,小雨-中雨,33,22,39,1,南风,3级,优
2021-05-16 00:00:00,无锡,小雨,27,16,25,1,西北风,3级,优
2021-05-17 00:00:00,无锡,阴,24,15,40,1,西北风,3级,优
2021-05-18 00:00:00,无锡,阴-多云,24,17,53,2,东南风,2级,良
2021-05-19 00:00:00,无锡,小雨,21,17,35,1,东南风,3级,优
2021-05-20 00:00:00,无锡,阴,18,15,32,1,西北风,3级,优
2021-05-21 00:00:00,无锡,多云,27,18,69,2,东南风,3级,良
2021-05-22 00:00:00,无锡,多云-小雨,27,18,54,2,东南风,3级,良
2021-05-23 00:00:00,无锡,大雨-小雨,19,18,29,1,东风,3级,优
2021-05-24 00:00:00,无锡,阴-多云,28,20,65,2,西北风,2级,良
2021-05-25 00:00:00,无锡,多云-小雨,31,19,86,2,西南风,微风,良
2021-05-26 00:00:00,无锡,大雨-多云,20,19,49,1,东北风,微风,优
2021-05-27 00:00:00,无锡,阴-多云,29,22,44,1,西南风,3级,优
2021-05-28 00:00:00,无锡,阴-多云,29,20,53,2,西风,3级,良
2021-05-29 00:00:00,无锡,阴-晴,29,20,54,2,东南风,3级,良
2021-05-30 00:00:00,无锡,多云,32,20,69,2,南风,2级,良
2021-05-31 00:00:00,无锡,多云-晴,31,21,62,2,东南风,3级,良
2021-06-01 00:00:00,无锡,晴-阵雨,29,21,33,1,东南风,4级,优
2021-06-02 00:00:00,无锡,阴-阵雨,26,21,24,1,东南风,4级,优
2021-06-03 00:00:00,无锡,阴-阵雨,26,19,66,2,西北风,3级,良
2021-06-04 00:00:00,无锡,阴-多云,26,18,51,2,西南风,3级,良
2021-06-05 00:00:00,无锡,晴,32,19,67,2,西南风,3级,良
2021-06-06 00:00:00,无锡,晴,33,19,80,2,南风,3级,良
2021-06-07 00:00:00,无锡,阴-多云,35,21,68,2,东南风,3级,良
2021-06-08 00:00:00,无锡,阴-多云,30,24,36,1,东南风,3级,优
2021-06-09 00:00:00,无锡,阴-雷阵雨,32,24,52,2,东南风,3级,良
2021-06-10 00:00:00,无锡,阴,28,24,38,1,东南风,2级,优
2021-06-11 00:00:00,无锡,阴-多云,32,23,82,2,东风,2级,良
2021-06-12 00:00:00,无锡,多云-雷阵雨,33,24,41,1,东南风,3级,优
2021-06-13 00:00:00,无锡,阴-小雨,28,25,34,1,西南风,2级,优
2021-06-14 00:00:00,无锡,阴-小雨,31,25,46,1,东南风,3级,优
2021-06-15 00:00:00,无锡,阴-小雨,33,24,48,1,西南风,3级,优
2021-06-16 00:00:00,无锡,阴-雷阵雨,29,23,34,1,东北风,2级,优
2021-06-17 00:00:00,无锡,小雨,26,24,41,1,东南风,2级,优
2021-06-18 00:00:00,无锡,阴-小雨,26,22,54,2,西北风,2级,良
2021-06-19 00:00:00,无锡,小雨-阴,23,20,34,1,东南风,2级,优
2021-06-20 00:00:00,无锡,阴-多云,29,19,60,2,东南风,2级,良
2021-06-21 00:00:00,无锡,多云-晴,31,21,68,2,东南风,2级,良
2021-06-22 00:00:00,无锡,晴-多云,32,20,69,2,东南风,3级,良
2021-06-23 00:00:00,无锡,晴-多云,34,21,60,2,东南风,3级,良
2021-06-24 00:00:00,无锡,多云,34,23,57,2,东南风,3级,良
2021-06-25 00:00:00,无锡,多云-雷阵雨,33,24,55,2,东南风,4级,良
2021-06-26 00:00:00,无锡,阴-小雨,28,24,34,1,东南风,3级,优
2021-06-27 00:00:00,无锡,阴-小雨,26,23,45,1,东南风,2级,优
2021-06-28 00:00:00,无锡,阴-多云,30,23,36,1,东北风,3级,优
2021-06-29 00:00:00,无锡,多云,31,24,55,2,东南风,2级,良
2021-06-30 00:00:00,无锡,阴-多云,31,24,48,1,东南风,3级,优
2021-07-01 00:00:00,无锡,阴-中雨,32,25,40,1,东南风,3级,优
2021-07-02 00:00:00,无锡,小雨-中雨,28,25,24,1,东南风,3级,优
2021-07-03 00:00:00,无锡,阴-大雨,31,25,26,1,西南风,3级,优
2021-07-04 00:00:00,无锡,大雨-小雨,26,24,35,1,东北风,2级,优
2021-07-05 00:00:00,无锡,阴-多云,34,27,62,2,东南风,2级,良
2021-07-06 00:00:00,无锡,阴-多云,36,27,43,1,东南风,2级,优
2021-07-07 00:00:00,无锡,阴-小雨,36,27,41,1,西南风,3级,优
2021-07-08 00:00:00,无锡,大雨-中雨,30,25,32,1,西南风,3级,优
2021-07-09 00:00:00,无锡,阴-小雨,32,27,42,1,西南风,3级,优
2021-07-10 00:00:00,无锡,多云,34,26,32,1,西南风,3级,优
2021-07-11 00:00:00,无锡,阴-多云,35,27,46,1,东南风,3级,优
2021-07-12 00:00:00,无锡,多云,36,28,58,2,东南风,3级,良
2021-07-13 00:00:00,无锡,阴-多云,36,29,52,2,东南风,3级,良
2021-07-14 00:00:00,无锡,阴-多云,37,30,60,2,东南风,3级,良
2021-07-15 00:00:00,无锡,多云,38,29,61,2,东南风,3级,良
2021-07-16 00:00:00,无锡,阴-多云,33,27,36,1,东南风,3级,优
2021-07-17 00:00:00,无锡,阴-多云,33,27,29,1,东南风,3级,优
2021-07-18 00:00:00,无锡,多云,33,26,34,1,东南风,3级,优
2021-07-19 00:00:00,无锡,多云,34,27,32,1,东南风,3级,优
2021-07-20 00:00:00,无锡,阴-多云,34,27,31,1,东南风,4级,优
2021-07-21 00:00:00,无锡,多云,33,26,29,1,东风,3级,优
2021-07-22 00:00:00,无锡,阴-多云,32,27,31,1,东北风,4级,优
2021-07-23 00:00:00,无锡,阴-小雨,34,26,28,1,东北风,4级,优
2021-07-24 00:00:00,无锡,小雨-中雨,30,26,26,1,东北风,4级,优
2021-07-25 00:00:00,无锡,大雨,27,25,15,1,东北风,5级,优
2021-07-26 00:00:00,无锡,中雨-大雨,27,25,16,1,东北风,5级,优
2021-07-27 00:00:00,无锡,中雨-大雨,27,26,16,1,东南风,5级,优
2021-07-28 00:00:00,无锡,小雨-多云,31,26,29,1,东南风,5级,优
2021-07-29 00:00:00,无锡,多云,33,26,36,1,西南风,3级,优
2021-07-30 00:00:00,无锡,多云,34,26,64,2,西风,2级,良
2021-07-31 00:00:00,无锡,阴-多云,33,27,41,1,东南风,2级,优
2021-08-01 00:00:00,无锡,阴-多云,33,27,61,2,东北风,2级,良
2021-08-02 00:00:00,无锡,阴-多云,34,27,41,1,东风,3级,优
2021-08-03 00:00:00,无锡,阴-多云,33,27,28,1,东北风,3级,优
2021-08-04 00:00:00,无锡,多云,33,27,32,1,东风,3级,优
2021-08-05 00:00:00,无锡,阴-多云,33,26,30,1,东南风,3级,优
2021-08-06 00:00:00,无锡,多云,33,26,31,1,东南风,3级,优
2021-08-07 00:00:00,无锡,阴-多云,33,26,31,1,东北风,3级,优
2021-08-08 00:00:00,无锡,多云,33,25,36,1,东北风,2级,优
2021-08-09 00:00:00,无锡,多云,34,26,66,2,东南风,2级,良
2021-08-10 00:00:00,无锡,阴-小雨,34,26,59,2,东南风,2级,良
2021-08-11 00:00:00,无锡,小雨-中雨,29,25,37,1,东南风,2级,优
2021-08-12 00:00:00,无锡,阴-小雨,29,25,38,1,东北风,3级,优
2021-08-13 00:00:00,无锡,阴-中雨,29,24,41,1,东北风,3级,优
2021-08-14 00:00:00,无锡,阴-中雨,25,23,36,1,东北风,3级,优
2021-08-15 00:00:00,无锡,中雨-小雨,26,23,30,1,东北风,2级,优
2021-08-16 00:00:00,无锡,阴-小雨,26,23,33,1,北风,2级,优
2021-08-17 00:00:00,无锡,多云,31,23,37,1,东北风,2级,优
2021-08-18 00:00:00,无锡,阴-多云,31,23,57,2,东南风,1级,良
2021-08-19 00:00:00,无锡,阴-多云,31,25,74,2,东南风,2级,良
2021-08-20 00:00:00,无锡,阴-中雨,32,26,74,2,东南风,3级,良
2021-08-21 00:00:00,无锡,阴-多云,31,25,42,1,西北风,3级,优
2021-08-22 00:00:00,无锡,多云,33,26,66,2,东南风,2级,良
2021-08-23 00:00:00,无锡,阴-小雨,34,27,42,1,东南风,3级,优
2021-08-24 00:00:00,无锡,阴-中雨,28,26,34,1,西北风,3级,优
2021-08-25 00:00:00,无锡,多云,31,25,50,1,西风,2级,优
2021-08-26 00:00:00,无锡,阴-小雨,34,26,91,2,东南风,1级,良
2021-08-27 00:00:00,无锡,阴-中雨,30,26,52,2,西北风,2级,良
2021-08-28 00:00:00,无锡,阴-多云,32,26,77,2,西北风,2级,良
2021-08-29 00:00:00,无锡,阴-多云,34,26,82,2,东北风,2级,良
2021-08-30 00:00:00,无锡,多云,35,26,56,2,东南风,2级,良
2021-08-31 00:00:00,无锡,多云,35,27,54,2,东南风,2级,良
2021-09-01 00:00:00,无锡,多云-小雨,35,26,52,2,东北风,2级,良
2021-09-02 00:00:00,无锡,多云,30,24,46,1,北风,2级,优
2021-09-03 00:00:00,无锡,多云,30,25,40,1,东北风,2级,优
2021-09-04 00:00:00,无锡,雾-多云,31,27,32,1,东南风,3级,优
2021-09-05 00:00:00,无锡,多云,33,26,59,2,南风,2级,良
2021-09-06 00:00:00,无锡,多云,29,24,53,2,西北风,3级,良
2021-09-07 00:00:00,无锡,多云,29,23,38,1,西北风,3级,优
2021-09-08 00:00:00,无锡,多云-小雨,27,24,34,1,东南风,2级,优
2021-09-09 00:00:00,无锡,多云-雷阵雨,32,24,43,1,东南风,2级,优
2021-09-10 00:00:00,无锡,多云,33,25,71,2,东北风,2级,良
2021-09-11 00:00:00,无锡,雾-多云,32,25,33,1,东风,3级,优
2021-09-12 00:00:00,无锡,多云-小雨,30,25,25,1,东北风,4级,优
2021-09-13 00:00:00,无锡,多云-中雨,27,24,16,1,东北风,4级,优
2021-09-14 00:00:00,无锡,多云,26,23,35,1,西北风,4级,优
2021-09-15 00:00:00,无锡,多云,28,23,44,1,北风,3级,优
2021-09-16 00:00:00,无锡,多云,29,20,31,1,北风,3级,优
2021-09-17 00:00:00,无锡,多云,29,19,45,1,北风,2级,优
2021-09-18 00:00:00,无锡,晴-多云,30,20,54,2,东风,2级,良
2021-09-19 00:00:00,无锡,多云,31,24,63,2,东南风,3级,良
2021-09-20 00:00:00,无锡,多云,28,20,47,1,西南风,3级,优
2021-09-21 00:00:00,无锡,晴-多云,30,22,42,1,西南风,2级,优
2021-09-22 00:00:00,无锡,晴-多云,34,22,43,1,西南风,2级,优
2021-09-23 00:00:00,无锡,多云,35,22,81,2,东南风,2级,良
2021-09-24 00:00:00,无锡,多云,31,22,51,2,东南风,3级,良
2021-09-25 00:00:00,无锡,多云,31,22,44,1,东南风,3级,优
2021-09-26 00:00:00,无锡,多云,31,23,47,1,东南风,3级,优
2021-09-27 00:00:00,无锡,雾-多云,33,24,65,2,东南风,2级,良
2021-09-28 00:00:00,无锡,多云,31,24,79,2,东南风,2级,良
2021-09-29 00:00:00,无锡,中雨-多云,29,20,42,1,西北风,3级,优
2021-09-30 00:00:00,无锡,多云,29,19,40,1,东北风,2级,优
2021-10-01 00:00:00,无锡,多云,31,21,40,1,东南风,2级,优
2021-10-02 00:00:00,无锡,多云,32,22,61,2,东南风,3级,良
2021-10-03 00:00:00,无锡,多云,33,23,46,1,东南风,4级,优
2021-10-04 00:00:00,无锡,晴-多云,33,24,37,1,东南风,4级,优
2021-10-05 00:00:00,无锡,晴-多云,32,24,47,1,东南风,3级,优
2021-10-06 00:00:00,无锡,雾-多云,31,24,38,1,东南风,3级,优
2021-10-07 00:00:00,无锡,小雨-多云,30,24,43,1,东南风,2级,优
2021-10-08 00:00:00,无锡,多云,29,24,60,2,东北风,2级,良
2021-10-09 00:00:00,无锡,多云,31,22,28,1,东南风,3级,优
2021-10-10 00:00:00,无锡,多云-大雨,31,19,40,1,东北风,3级,优
2021-10-11 00:00:00,无锡,多云,20,18,31,1,东北风,4级,优
2021-10-12 00:00:00,无锡,多云,23,20,31,1,东北风,4级,优
2021-10-13 00:00:00,无锡,小雨-多云,24,23,28,1,东北风,3级,优
2021-10-14 00:00:00,无锡,小雨-多云,29,22,34,1,东风,2级,优
2021-10-15 00:00:00,无锡,大雨-中雨,24,16,26,1,北风,3级,优
2021-10-16 00:00:00,无锡,中雨-多云,18,11,26,1,北风,4级,优
2021-10-17 00:00:00,无锡,多云,17,10,28,1,北风,3级,优
2021-10-18 00:00:00,无锡,多云,19,9,30,1,东南风,2级,优
2021-10-19 00:00:00,无锡,多云,18,12,54,2,北风,3级,良
2021-10-20 00:00:00,无锡,中雨-小雨,13,10,29,1,北风,3级,优
2021-10-21 00:00:00,无锡,多云,17,9,41,1,西北风,3级,优
2021-10-22 00:00:00,无锡,多云,18,10,85,2,北风,3级,良
2021-10-23 00:00:00,无锡,多云,21,13,69,2,东北风,2级,良
2021-10-24 00:00:00,无锡,多云,21,11,41,1,东北风,2级,优
2021-10-25 00:00:00,无锡,雾-多云,21,11,43,1,东北风,2级,优
2021-10-26 00:00:00,无锡,雾-多云,21,12,48,1,东南风,2级,优
2021-10-27 00:00:00,无锡,多云,22,12,62,2,东北风,2级,良
2021-10-28 00:00:00,无锡,多云,21,12,47,1,东北风,2级,优
2021-10-29 00:00:00,无锡,多云,21,12,47,1,东北风,2级,优
2021-10-30 00:00:00,无锡,多云,23,11,62,2,东北风,2级,良
2021-10-31 00:00:00,无锡,多云,23,12,52,2,东风,2级,良
2021-11-01 00:00:00,无锡,多云,23,14,59,2,东北风,2级,良
2021-11-02 00:00:00,无锡,多云,20,11,60,2,东北风,3级,良
2021-11-03 00:00:00,无锡,雾-多云,22,13,52,2,东南风,2级,良
2021-11-04 00:00:00,无锡,多云-中雨,21,16,54,2,东南风,3级,良
2021-11-05 00:00:00,无锡,雾-多云,21,17,29,1,东南风,3级,优
2021-11-06 00:00:00,无锡,多云,20,14,29,1,东北风,3级,优
2021-11-07 00:00:00,无锡,大雨-小雨,22,3,32,1,西北风,4级,优
2021-11-08 00:00:00,无锡,多云,9,2,31,1,西北风,4级,优
2021-11-09 00:00:00,无锡,多云,13,6,44,1,西风,4级,优
2021-11-10 00:00:00,无锡,晴-多云,16,6,42,1,西北风,4级,优
2021-11-11 00:00:00,无锡,多云,17,4,52,2,西北风,3级,良
2021-11-12 00:00:00,无锡,晴-多云,18,8,50,1,西北风,2级,优
2021-11-13 00:00:00,无锡,多云,19,7,58,2,西南风,2级,良
2021-11-14 00:00:00,无锡,晴-多云,20,6,59,2,西南风,2级,良
2021-11-15 00:00:00,无锡,多云,20,8,73,2,东南风,2级,良
2021-11-16 00:00:00,无锡,多云,19,8,68,2,东风,2级,良
2021-11-17 00:00:00,无锡,雾-多云,17,9,72,2,东南风,2级,良
2021-11-18 00:00:00,无锡,多云,19,9,65,2,东南风,2级,良
2021-11-19 00:00:00,无锡,多云,20,10,50,1,东南风,2级,优
2021-11-20 00:00:00,无锡,多云-小雨,21,15,54,2,东南风,3级,良
2021-11-21 00:00:00,无锡,小雨,16,5,47,1,西北风,3级,优
2021-11-22 00:00:00,无锡,多云,9,0,66,2,西北风,4级,良
2021-11-23 00:00:00,无锡,多云,9,1,56,2,西北风,3级,良
2021-11-24 00:00:00,无锡,晴,15,4,53,2,西南风,2级,良
2021-11-25 00:00:00,无锡,晴-多云,18,4,54,2,西南风,2级,良
2021-11-26 00:00:00,无锡,晴-多云,18,7,77,2,东北风,2级,良
2021-11-27 00:00:00,无锡,晴-多云,17,8,59,2,东风,3级,良
2021-11-28 00:00:00,无锡,多云,18,11,29,1,东南风,3级,优
2021-11-29 00:00:00,无锡,多云,20,9,41,1,南风,2级,优
2021-11-30 00:00:00,无锡,多云,11,2,60,2,西北风,5级,良
2021-12-01 00:00:00,无锡,多云,9,-2,36,1,西北风,3级,优
2021-12-02 00:00:00,无锡,多云,11,2,38,1,西风,3级,优
2021-12-03 00:00:00,无锡,多云,15,0,55,2,西北风,3级,良
2021-12-04 00:00:00,无锡,多云,16,3,76,2,东南风,2级,良
2021-12-05 00:00:00,无锡,多云,16,4,57,2,东南风,2级,良
2021-12-06 00:00:00,无锡,多云,17,4,63,2,东南风,2级,良
2021-12-07 00:00:00,无锡,多云,15,6,96,2,东北风,3级,良
2021-12-08 00:00:00,无锡,多云,16,7,61,2,东风,3级,良
2021-12-09 00:00:00,无锡,多云,16,4,71,2,南风,2级,良
2021-12-10 00:00:00,无锡,多云,16,5,113,3,东北风,2级,轻度
2021-12-11 00:00:00,无锡,多云-小雨,15,8,88,2,东北风,3级,良
2021-12-12 00:00:00,无锡,小雨-多云,10,1,81,2,东北风,3级,良
2021-12-13 00:00:00,无锡,多云,10,1,44,1,东北风,2级,优
2021-12-14 00:00:00,无锡,多云,13,4,58,2,东南风,2级,良
2021-12-15 00:00:00,无锡,多云-小雨,15,10,78,2,东南风,2级,良
2021-12-16 00:00:00,无锡,多云,12,4,70,2,西北风,2级,良
2021-12-17 00:00:00,无锡,晴-多云,9,-3,86,2,北风,4级,良
2021-12-18 00:00:00,无锡,晴,7,-2,53,2,西北风,3级,良
2021-12-19 00:00:00,无锡,多云,12,1,63,2,西南风,2级,良
2021-12-20 00:00:00,无锡,多云,16,4,55,2,西南风,2级,良
2021-12-21 00:00:00,无锡,晴-多云,17,2,68,2,西风,2级,良
2021-12-22 00:00:00,无锡,多云,15,3,111,3,东北风,1级,轻度
2021-12-23 00:00:00,无锡,雾-多云,16,6,64,2,东南风,3级,良
2021-12-24 00:00:00,无锡,阴-多云,12,0,47,1,东北风,3级,优
2021-12-25 00:00:00,无锡,多云,2,-4,29,1,东北风,4级,优
2021-12-26 00:00:00,无锡,多云,1,-4,35,1,西北风,3级,优
2021-12-27 00:00:00,无锡,晴-多云,4,-1,36,1,西北风,2级,优
2021-12-28 00:00:00,无锡,多云,6,-1,71,2,东南风,2级,良
2021-12-29 00:00:00,无锡,多云,10,-3,78,2,西北风,3级,良
2021-12-30 00:00:00,无锡,多云,10,-2,89,2,西北风,2级,良
2021-12-31 00:00:00,无锡,多云,10,0,80,2,东北风,2级,良
2022-01-01 00:00:00,无锡,多云,11,0,47,1,东南风,2级,优
2022-01-02 00:00:00,无锡,多云,11,0,103,3,东北风,2级,轻度
2022-01-03 00:00:00,无锡,多云,14,1,104,3,东南风,2级,轻度
2022-01-04 00:00:00,无锡,多云-中雨,12,7,87,2,东风,3级,良
2022-01-05 00:00:00,无锡,大雨-多云,7,3,31,1,东北风,4级,优
2022-01-06 00:00:00,无锡,多云,8,2,38,1,东北风,3级,优
2022-01-07 00:00:00,无锡,多云,10,0,57,2,东北风,2级,良
2022-01-08 00:00:00,无锡,多云,8,4,49,1,东北风,2级,优
2022-01-09 00:00:00,无锡,多云,7,1,81,2,西南风,1级,良
2022-01-10 00:00:00,无锡,多云,7,1,145,3,西北风,2级,轻度
2022-01-11 00:00:00,无锡,多云,6,-3,75,2,北风,3级,良
2022-01-12 00:00:00,无锡,多云,8,0,67,2,东南风,2级,良
2022-01-13 00:00:00,无锡,多云,5,-4,91,2,西北风,3级,良
2022-01-14 00:00:00,无锡,多云,5,0,54,2,东南风,2级,良
2022-01-15 00:00:00,无锡,多云,11,2,97,2,西风,2级,良
2022-01-16 00:00:00,无锡,多云,10,3,109,3,东北风,3级,轻度
2022-01-17 00:00:00,无锡,多云,11,3,63,2,东风,2级,良
2022-01-18 00:00:00,无锡,多云,11,2,57,2,东南风,2级,良
2022-01-19 00:00:00,无锡,多云,12,2,82,2,东北风,2级,良
2022-01-20 00:00:00,无锡,多云,7,2,58,2,东北风,3级,良
2022-01-21 00:00:00,无锡,多云-小雨,8,6,31,1,东风,3级,优
2022-01-22 00:00:00,无锡,中雨,10,7,34,1,东风,3级,优
2022-01-23 00:00:00,无锡,中雨-小雨,9,5,29,1,东北风,3级,优
2022-01-24 00:00:00,无锡,多云-小雨,7,4,79,2,东北风,3级,良
2022-01-25 00:00:00,无锡,多云-小雨,6,4,115,3,东北风,2级,轻度
2022-01-26 00:00:00,无锡,中雨,6,5,67,2,东北风,3级,良
2022-01-27 00:00:00,无锡,小雨,6,2,55,2,东北风,3级,良
2022-01-28 00:00:00,无锡,小雨-雨夹雪,5,1,35,1,东北风,3级,优
2022-01-29 00:00:00,无锡,多云-小雪,4,1,41,1,东北风,3级,优
2022-01-30 00:00:00,无锡,多云,7,-2,46,1,西北风,3级,优
2022-01-31 00:00:00,无锡,多云,8,1,94,2,西风,1级,良
2022-02-01 00:00:00,无锡,多云-雨夹雪,7,1,120,3,东北风,3级,轻度
2022-02-02 00:00:00,无锡,小雨-雨夹雪,5,1,42,1,东北风,3级,优
2022-02-03 00:00:00,无锡,小雨,5,0,30,1,东北风,2级,优
2022-02-04 00:00:00,无锡,雾-多云,8,-1,39,1,西北风,2级,优
2022-02-05 00:00:00,无锡,多云,7,-2,52,2,东北风,3级,良
2022-02-06 00:00:00,无锡,多云-雨夹雪,6,1,31,1,东北风,3级,优
2022-02-07 00:00:00,无锡,雨夹雪-小雨,3,0,20,1,东北风,3级,优
2022-02-08 00:00:00,无锡,雾-多云,7,0,32,1,东北风,2级,优
2022-02-09 00:00:00,无锡,小雨-多云,5,3,29,1,东北风,2级,优
2022-02-10 00:00:00,无锡,多云,9,3,51,2,东北风,2级,良
2022-02-11 00:00:00,无锡,小雨,6,4,55,2,东风,3级,良
2022-02-12 00:00:00,无锡,雾-多云,9,5,59,2,东北风,2级,良
2022-02-13 00:00:00,无锡,多云,8,0,71,2,东北风,2级,良
2022-02-14 00:00:00,无锡,多云,10,3,80,2,西北风,2级,良
2022-02-15 00:00:00,无锡,多云-阴,5,1,78,2,东北风,3级,良
2022-02-16 00:00:00,无锡,多云,8,2,52,2,东北风,3级,良
2022-02-17 00:00:00,无锡,多云-雨夹雪,4,1,36,1,东北风,4级,优
2022-02-18 00:00:00,无锡,小雨,6,3,30,1,东北风,3级,优
2022-02-19 00:00:00,无锡,多云,5,-3,37,1,北风,3级,优
2022-02-20 00:00:00,无锡,多云,5,-2,37,1,北风,3级,优
2022-02-21 00:00:00,无锡,多云,8,0,48,1,东南风,2级,优
2022-02-22 00:00:00,无锡,多云-雨夹雪,9,1,77,2,东风,2级,良
2022-02-23 00:00:00,无锡,阴-多云,8,-3,47,1,东北风,3级,优
2022-02-24 00:00:00,无锡,多云,10,-1,46,1,东南风,2级,优
2022-02-25 00:00:00,无锡,多云,14,1,42,1,东南风,3级,优
2022-02-26 00:00:00,无锡,多云,17,2,54,2,西南风,2级,良
2022-02-27 00:00:00,无锡,多云-小雨,16,8,71,2,东南风,3级,良
2022-02-28 00:00:00,无锡,多云-中雨,22,12,76,2,东南风,2级,良
2022-03-01 00:00:00,无锡,多云,18,4,104,3,西北风,3级,轻度
2022-03-02 00:00:00,无锡,多云,16,4,76,2,南风,2级,良
2022-03-03 00:00:00,无锡,多云-中雨,21,10,105,3,东南风,2级,轻度
2022-03-04 00:00:00,无锡,多云,21,7,61,2,西南风,2级,良
2022-03-05 00:00:00,无锡,多云,16,5,93,2,东北风,3级,良
2022-03-06 00:00:00,无锡,阴-小雨,12,6,52,2,东风,3级,良
2022-03-07 00:00:00,无锡,多云,15,6,40,1,西南风,2级,优
2022-03-08 00:00:00,无锡,晴-多云,20,7,47,1,南风,2级,优
2022-03-09 00:00:00,无锡,多云,21,10,65,2,东南风,3级,良
2022-03-10 00:00:00,无锡,多云,22,13,62,2,东南风,3级,良
2022-03-11 00:00:00,无锡,多云,27,13,73,2,东南风,2级,良
2022-03-12 00:00:00,无锡,多云-中雨,28,17,73,2,东南风,3级,良
2022-03-13 00:00:00,无锡,多云,26,15,68,2,东南风,2级,良
2022-03-14 00:00:00,无锡,多云,25,8,82,2,东北风,3级,良
2022-03-15 00:00:00,无锡,多云,22,12,63,2,东南风,3级,良
2022-03-16 00:00:00,无锡,多云-中雨,28,15,77,2,东南风,2级,良
2022-03-17 00:00:00,无锡,大雨-小雨,13,7,23,1,东北风,4级,优
2022-03-18 00:00:00,无锡,小雨-多云,10,6,43,1,西北风,3级,优
2022-03-19 00:00:00,无锡,多云-小雨,12,6,67,2,东北风,3级,良
2022-03-20 00:00:00,无锡,大雨,8,6,31,1,东北风,3级,优
2022-03-21 00:00:00,无锡,大雨-中雨,7,6,23,1,东北风,4级,优
2022-03-22 00:00:00,无锡,多云-小雨,11,6,34,1,东北风,3级,优
2022-03-23 00:00:00,无锡,雾-多云,15,5,41,1,西南风,2级,优
2022-03-24 00:00:00,无锡,多云-中雨,19,13,52,2,东南风,4级,良
2022-03-25 00:00:00,无锡,大雨-多云,18,12,26,1,南风,4级,优
2022-03-26 00:00:00,无锡,多云,17,9,41,1,西北风,3级,优
2022-03-27 00:00:00,无锡,多云,18,8,68,2,北风,3级,良
2022-03-28 00:00:00,无锡,多云,16,6,45,1,东南风,3级,优
2022-03-29 00:00:00,无锡,多云,20,12,48,1,东南风,3级,优
2022-03-30 00:00:00,无锡,多云-小雨,24,10,58,2,东北风,2级,良
2022-03-31 00:00:00,无锡,阴-多云,13,7,50,1,东北风,3级,优
2022-04-01 00:00:00,无锡,多云,13,3,37,1,东北风,3级,优
2022-04-02 00:00:00,无锡,雾-多云,16,4,48,1,东北风,2级,优
2022-04-03 00:00:00,无锡,晴-多云,15,4,40,1,东南风,2级,优
2022-04-04 00:00:00,无锡,多云,19,10,39,1,东南风,3级,优
2022-04-05 00:00:00,无锡,多云,18,9,49,1,东南风,2级,优
2022-04-06 00:00:00,无锡,多云,26,11,67,2,东南风,2级,良
2022-04-07 00:00:00,无锡,多云,27,12,63,2,南风,2级,良
2022-04-08 00:00:00,无锡,晴-多云,28,14,83,2,东南风,3级,良
2022-04-09 00:00:00,无锡,多云,29,16,64,2,东南风,3级,良
2022-04-10 00:00:00,无锡,多云,29,17,65,2,东南风,3级,良
2022-04-11 00:00:00,无锡,多云,33,17,69,2,东南风,2级,良
2022-04-12 00:00:00,无锡,多云-小雨,33,13,75,2,东风,3级,良
2022-04-13 00:00:00,无锡,中雨,14,12,40,1,东北风,4级,优
2022-04-14 00:00:00,无锡,雾-多云,14,12,31,1,西北风,3级,优
2022-04-15 00:00:00,无锡,多云,17,9,34,1,东北风,3级,优
2022-04-16 00:00:00,无锡,多云,17,7,54,2,东北风,3级,良
2022-04-17 00:00:00,无锡,多云,20,12,47,1,东南风,2级,优
2022-04-18 00:00:00,无锡,多云,21,12,56,2,南风,2级,良
2022-04-19 00:00:00,无锡,多云,23,12,76,2,西南风,2级,良
2022-04-20 00:00:00,无锡,多云-小雨,25,15,77,2,南风,2级,良
2022-04-21 00:00:00,无锡,多云,26,16,56,2,东南风,3级,良
2022-04-22 00:00:00,无锡,多云-大雨,28,19,59,2,南风,2级,良
2022-04-23 00:00:00,无锡,小雨-多云,24,15,38,1,东南风,2级,优
2022-04-24 00:00:00,无锡,多云-小雨,26,18,35,1,东南风,3级,优
2022-04-25 00:00:00,无锡,中雨-大雨,22,18,38,1,东南风,3级,优
2022-04-26 00:00:00,无锡,雾-多云,21,15,39,1,西北风,3级,优
2022-04-27 00:00:00,无锡,雾-多云,22,12,53,2,东北风,3级,良
2022-04-28 00:00:00,无锡,小雨-中雨,19,13,75,2,东北风,3级,良
2022-04-29 00:00:00,无锡,多云,15,10,31,1,东北风,3级,优
2022-04-30 00:00:00,无锡,多云,18,12,42,1,东北风,2级,优
2022-05-01 00:00:00,无锡,多云,21,13,63,2,西北风,2级,良
2022-05-02 00:00:00,无锡,多云,25,14,70,2,西南风,2级,良
2022-05-03 00:00:00,无锡,晴-多云,27,14,50,1,南风,2级,优
2022-05-04 00:00:00,无锡,晴-多云,28,13,64,2,东南风,3级,良
2022-05-05 00:00:00,无锡,晴-多云,28,17,52,2,东南风,3级,良
2022-05-06 00:00:00,无锡,晴-多云,31,18,47,1,东南风,3级,优
2022-05-07 00:00:00,无锡,多云,27,18,38,1,东北风,3级,优
2022-05-08 00:00:00,无锡,多云,25,15,41,1,东北风,3级,优
2022-05-09 00:00:00,无锡,多云-小雨,23,16,34,1,东北风,3级,优
2022-05-10 00:00:00,无锡,多云,20,16,35,1,东风,3级,优
2022-05-11 00:00:00,无锡,雾-多云,22,17,42,1,东北风,3级,优
2022-05-12 00:00:00,无锡,小雨,20,16,37,1,东北风,3级,优
2022-05-13 00:00:00,无锡,雾-多云,20,12,34,1,东北风,3级,优
2022-05-14 00:00:00,无锡,多云,22,14,48,1,东北风,3级,优
2022-05-15 00:00:00,无锡,多云,23,15,37,1,西南风,2级,优
2022-05-16 00:00:00,无锡,多云,26,14,57,2,西南风,3级,良
2022-05-17 00:00:00,无锡,多云,28,16,57,2,南风,3级,良
2022-05-18 00:00:00,无锡,多云,29,18,66,2,东南风,3级,良
2022-05-19 00:00:00,无锡,多云-小雨,23,18,45,1,东南风,3级,优
2022-05-20 00:00:00,无锡,多云,25,15,46,1,南风,2级,优
2022-05-21 00:00:00,无锡,多云,28,18,62,2,东南风,2级,良
2022-05-22 00:00:00,无锡,多云,29,20,41,1,东南风,3级,优
2022-05-23 00:00:00,无锡,多云,27,19,38,1,东南风,4级,优
2022-05-24 00:00:00,无锡,多云,23,18,27,1,东南风,3级,优
2022-05-25 00:00:00,无锡,多云,29,18,47,1,东南风,2级,优
2022-05-26 00:00:00,无锡,多云,23,18,51,2,东北风,2级,良
2022-05-27 00:00:00,无锡,多云,29,22,65,2,南风,2级,良
2022-05-28 00:00:00,无锡,多云-小雨,26,21,51,2,东南风,3级,良
2022-05-29 00:00:00,无锡,雾-多云,28,22,27,1,西南风,2级,优
2022-05-30 00:00:00,无锡,多云,30,18,42,1,东北风,3级,优
2022-05-31 00:00:00,无锡,多云-小雨,30,21,35,1,东南风,3级,优
2022-06-01 00:00:00,无锡,多云,30,21,43,1,西南风,2级,优
2022-06-02 00:00:00,无锡,多云,32,21,56,2,东南风,3级,良
2022-06-03 00:00:00,无锡,多云-小雨,29,23,28,1,东南风,4级,优
2022-06-04 00:00:00,无锡,多云-大雨,31,24,31,1,东南风,3级,优
2022-06-05 00:00:00,无锡,中雨-多云,26,18,23,1,西北风,3级,优
2022-06-06 00:00:00,无锡,多云,32,20,57,2,西南风,3级,良
2022-06-07 00:00:00,无锡,多云,28,17,46,1,东北风,3级,优
2022-06-08 00:00:00,无锡,多云,30,20,43,1,东南风,3级,优
2022-06-09 00:00:00,无锡,多云,30,22,60,2,东南风,3级,良
2022-06-10 00:00:00,无锡,多云,29,21,30,1,东南风,4级,优
2022-06-11 00:00:00,无锡,多云,24,20,34,1,东风,3级,优
2022-06-12 00:00:00,无锡,多云-小雨,25,21,32,1,东南风,3级,优
2022-06-13 00:00:00,无锡,多云,26,20,30,1,东南风,2级,优
2022-06-14 00:00:00,无锡,多云,31,20,56,2,西南风,2级,良
2022-06-15 00:00:00,无锡,多云,33,21,73,2,西南风,2级,良
2022-06-16 00:00:00,无锡,多云,35,24,77,2,南风,3级,良
2022-06-17 00:00:00,无锡,多云,35,25,68,2,南风,3级,良
2022-06-18 00:00:00,无锡,多云,35,24,68,2,东南风,2级,良
2022-06-19 00:00:00,无锡,多云,33,25,63,2,东南风,2级,良
2022-06-20 00:00:00,无锡,多云,33,24,31,1,东南风,2级,优
2022-06-21 00:00:00,无锡,多云,33,26,42,1,东南风,3级,优
2022-06-22 00:00:00,无锡,多云,34,30,30,1,南风,3级,优
2022-06-23 00:00:00,无锡,多云-暴雨,35,25,21,1,西南风,3级,优
2022-06-24 00:00:00,无锡,多云,29,25,20,1,西南风,4级,优
2022-06-25 00:00:00,无锡,多云,31,27,34,1,南风,3级,优
2022-06-26 00:00:00,无锡,多云,36,28,59,2,东南风,3级,良
2022-06-27 00:00:00,无锡,多云,36,28,36,1,南风,4级,优
2022-06-28 00:00:00,无锡,中雨-大雨,34,26,33,1,西南风,3级,优
2022-06-29 00:00:00,无锡,小雨,33,26,24,1,南风,3级,优
2022-06-30 00:00:00,无锡,中雨-多云,31,26,21,1,东南风,2级,优
2022-07-01 00:00:00,无锡,多云,32,25,23,1,东南风,4级,优
2022-07-02 00:00:00,无锡,多云,33,25,23,1,东南风,4级,优
2022-07-03 00:00:00,无锡,多云,33,26,28,1,东南风,3级,优
2022-07-04 00:00:00,无锡,多云,35,26,39,1,东南风,3级,优
2022-07-05 00:00:00,无锡,多云,35,30,43,1,东南风,3级,优
2022-07-06 00:00:00,无锡,多云,35,29,30,1,西南风,3级,优
2022-07-07 00:00:00,无锡,多云,35,29,31,1,西南风,2级,优
2022-07-08 00:00:00,无锡,多云-小雨,36,28,30,1,西南风,2级,优
2022-07-09 00:00:00,无锡,多云,36,28,35,1,西南风,2级,优
2022-07-10 00:00:00,无锡,多云,38,29,35,1,南风,2级,优
2022-07-11 00:00:00,无锡,多云,38,30,40,1,东南风,2级,优
2022-07-12 00:00:00,无锡,多云,39,31,48,1,东南风,2级,优
2022-07-13 00:00:00,无锡,多云,38,31,44,1,西南风,2级,优
2022-07-14 00:00:00,无锡,多云,38,30,41,1,西南风,2级,优
2022-07-15 00:00:00,无锡,多云,36,28,45,1,西北风,2级,优
2022-07-16 00:00:00,无锡,中雨-多云,31,27,42,1,北风,2级,优
2022-07-17 00:00:00,无锡,小雨,36,27,41,1,西南风,3级,优
2022-07-18 00:00:00,无锡,小雨-多云,31,25,33,1,西北风,3级,优
2022-07-19 00:00:00,无锡,多云,33,27,48,1,东南风,2级,优
2022-07-20 00:00:00,无锡,多云,36,27,28,1,西南风,3级,优
2022-07-21 00:00:00,无锡,多云,30,25,24,1,西北风,3级,优
2022-07-22 00:00:00,无锡,多云,35,28,48,1,西南风,2级,优
2022-07-23 00:00:00,无锡,多云,36,26,44,1,西风,3级,优
2022-07-24 00:00:00,无锡,多云,33,26,67,2,西北风,2级,良
2022-07-25 00:00:00,无锡,多云,35,27,60,2,东南风,3级,良
2022-07-26 00:00:00,无锡,小雨,36,26,36,1,东南风,3级,优
2022-07-27 00:00:00,无锡,多云,36,28,57,2,西南风,2级,良
2022-07-28 00:00:00,无锡,多云,38,27,64,2,东南风,2级,良
2022-07-29 00:00:00,无锡,多云,36,27,28,1,东南风,3级,优
2022-07-30 00:00:00,无锡,多云,34,26,25,1,东北风,2级,优
2022-07-31 00:00:00,无锡,多云,35,27,29,1,西北风,3级,优
2022-08-01 00:00:00,无锡,多云,35,28,34,1,西北风,2级,优
2022-08-02 00:00:00,无锡,多云,37,28,66,2,东南风,2级,良
2022-08-03 00:00:00,无锡,多云,36,29,47,1,东南风,3级,优
2022-08-04 00:00:00,无锡,晴-多云,38,30,35,1,东南风,3级,优
2022-08-05 00:00:00,无锡,小雨-多云,39,30,48,1,东南风,3级,优
2022-08-06 00:00:00,无锡,多云,39,30,38,1,南风,2级,优
2022-08-07 00:00:00,无锡,多云,38,30,32,1,东南风,3级,优
2022-08-08 00:00:00,无锡,多云,39,29,39,1,东南风,3级,优
2022-08-09 00:00:00,无锡,多云,39,30,42,1,东南风,3级,优
2022-08-10 00:00:00,无锡,多云,40,31,49,1,南风,2级,优
2022-08-11 00:00:00,无锡,多云,40,31,55,2,南风,2级,良
2022-08-12 00:00:00,无锡,多云,41,30,54,2,南风,2级,良
2022-08-13 00:00:00,无锡,多云,41,31,47,1,南风,2级,优
2022-08-14 00:00:00,无锡,多云,41,31,66,2,东南风,2级,良
2022-08-15 00:00:00,无锡,多云,40,31,47,1,南风,3级,优
2022-08-16 00:00:00,无锡,多云-小雨,39,27,43,1,南风,2级,优
2022-08-17 00:00:00,无锡,多云,34,28,45,1,东北风,2级,优
2022-08-18 00:00:00,无锡,多云,37,30,63,2,东南风,3级,良
2022-08-19 00:00:00,无锡,多云,40,32,46,1,南风,3级,优
2022-08-20 00:00:00,无锡,小雨-多云,37,28,50,1,西北风,2级,优
2022-08-21 00:00:00,无锡,多云,37,28,52,2,东南风,2级,良
2022-08-22 00:00:00,无锡,多云,39,30,45,1,南风,2级,优
2022-08-23 00:00:00,无锡,中雨-小雨,39,26,49,1,北风,3级,优
2022-08-24 00:00:00,无锡,多云,28,26,37,1,东北风,3级,优
2022-08-25 00:00:00,无锡,多云-中雨,32,25,38,1,东北风,3级,优
2022-08-26 00:00:00,无锡,多云-小雨,30,25,42,1,东北风,2级,优
2022-08-27 00:00:00,无锡,小雨-多云,25,24,35,1,东北风,3级,优
2022-08-28 00:00:00,无锡,多云,29,24,32,1,东风,3级,优
2022-08-29 00:00:00,无锡,多云,35,25,41,1,东南风,2级,优
2022-08-30 00:00:00,无锡,雾-小雨,26,22,62,2,北风,3级,良
2022-08-31 00:00:00,无锡,多云,24,21,37,1,西北风,3级,优
2022-09-01 00:00:00,无锡,雾-多云,29,22,51,2,东北风,3级,良
2022-09-02 00:00:00,无锡,多云,28,24,37,1,东北风,4级,优
2022-09-03 00:00:00,无锡,小雨-中雨,26,24,22,1,北风,3级,优
2022-09-04 00:00:00,无锡,小雨-多云,27,23,25,1,东北风,4级,优
2022-09-05 00:00:00,无锡,多云,27,19,29,1,西北风,4级,优
2022-09-06 00:00:00,无锡,晴-多云,31,21,66,2,西南风,2级,良
2022-09-07 00:00:00,无锡,多云,34,21,93,2,南风,2级,良
2022-09-08 00:00:00,无锡,多云,30,21,88,2,东北风,2级,良
2022-09-09 00:00:00,无锡,多云-晴,29,19,37,1,东北风,3级,优
2022-09-10 00:00:00,无锡,多云,28,22,42,1,东北风,2级,优
2022-09-11 00:00:00,无锡,多云,29,22,42,1,东风,2级,优
2022-09-12 00:00:00,无锡,雾-大雨,30,22,40,1,东北风,3级,优
2022-09-13 00:00:00,无锡,中雨-小雨,23,21,19,1,东北风,3级,优
2022-09-14 00:00:00,无锡,小雨-大雨,25,23,17,1,北风,4级,优
2022-09-15 00:00:00,无锡,多云,23,22,18,1,西风,5级,优
2022-09-16 00:00:00,无锡,雾-多云,27,21,43,1,西风,3级,优
2022-09-17 00:00:00,无锡,多云,30,22,47,1,北风,2级,优
2022-09-18 00:00:00,无锡,多云,28,21,41,1,北风,3级,优
2022-09-19 00:00:00,无锡,晴-多云,28,18,54,2,北风,4级,良
2022-09-20 00:00:00,无锡,多云,25,17,44,1,东北风,3级,优
2022-09-21 00:00:00,无锡,多云,24,18,39,1,东北风,3级,优
2022-09-22 00:00:00,无锡,多云,28,19,45,1,东南风,2级,优
2022-09-23 00:00:00,无锡,雾-多云,26,17,61,2,东北风,3级,良
2022-09-24 00:00:00,无锡,多云,24,18,39,1,东北风,3级,优
2022-09-25 00:00:00,无锡,多云-小雨,24,18,33,1,东风,2级,优
2022-09-26 00:00:00,无锡,小雨-多云,21,18,37,1,东北风,3级,优
2022-09-27 00:00:00,无锡,多云-小雨,26,19,36,1,东北风,3级,优
2022-09-28 00:00:00,无锡,小雨-多云,21,18,34,1,东北风,2级,优
2022-09-29 00:00:00,无锡,多云,27,20,43,1,东风,2级,优
2022-09-30 00:00:00,无锡,多云,26,23,41,1,东南风,3级,优
2022-10-01 00:00:00,无锡,多云,32,25,57,2,东南风,3级,良
2022-10-02 00:00:00,无锡,晴-多云,36,26,44,1,东南风,3级,优
2022-10-03 00:00:00,无锡,晴-多云,37,22,51,2,东南风,3级,良
2022-10-04 00:00:00,无锡,小雨-多云,21,15,31,1,东北风,4级,优
2022-10-05 00:00:00,无锡,小雨,18,14,29,1,东北风,3级,优
2022-10-06 00:00:00,无锡,小雨-中雨,16,13,21,1,东北风,3级,优
2022-10-07 00:00:00,无锡,多云,17,14,29,1,东北风,3级,优
2022-10-08 00:00:00,无锡,多云-小雨,19,14,38,1,东风,2级,优
2022-10-09 00:00:00,无锡,多云-晴,21,9,40,1,西北风,3级,优
2022-10-10 00:00:00,无锡,晴-多云,17,8,43,1,西北风,4级,优
2022-10-11 00:00:00,无锡,多云,20,11,50,1,东北风,2级,优
2022-10-12 00:00:00,无锡,多云,21,12,34,1,东北风,3级,优
2022-10-13 00:00:00,无锡,多云,23,12,36,1,东北风,3级,优
2022-10-14 00:00:00,无锡,雾-多云,23,12,44,1,东北风,2级,优
2022-10-15 00:00:00,无锡,雾-多云,23,13,43,1,东北风,2级,优
2022-10-16 00:00:00,无锡,雾-多云,24,15,52,2,东北风,2级,良
2022-10-17 00:00:00,无锡,多云,21,10,56,2,东北风,4级,良
2022-10-18 00:00:00,无锡,晴-多云,19,8,38,1,东北风,3级,优
2022-10-19 00:00:00,无锡,晴-多云,20,9,37,1,东北风,3级,优
2022-10-20 00:00:00,无锡,多云,22,12,41,1,东南风,3级,优
2022-10-21 00:00:00,无锡,多云,25,15,42,1,东南风,2级,优
2022-10-22 00:00:00,无锡,多云,25,14,75,2,东北风,2级,良
2022-10-23 00:00:00,无锡,多云,23,10,55,2,东北风,3级,良
2022-10-24 00:00:00,无锡,多云,22,10,43,1,东北风,3级,优
2022-10-25 00:00:00,无锡,多云,21,13,35,1,东风,3级,优
2022-10-26 00:00:00,无锡,小雨-中雨,20,16,36,1,东风,3级,优
2022-10-27 00:00:00,无锡,阴-多云,20,14,23,1,东北风,3级,优
2022-10-28 00:00:00,无锡,多云,19,13,34,1,东北风,3级,优
2022-10-29 00:00:00,无锡,多云,20,12,39,1,东北风,3级,优
2022-10-30 00:00:00,无锡,多云,22,13,43,1,东北风,2级,优
2022-10-31 00:00:00,无锡,雾-多云,23,11,38,1,东北风,3级,优
2022-11-01 00:00:00,无锡,雾-多云,22,10,48,1,东北风,3级,优
2022-11-02 00:00:00,无锡,多云,21,9,59,2,东北风,2级,良
2022-11-03 00:00:00,无锡,多云,20,12,46,1,东北风,3级,优
2022-11-04 00:00:00,无锡,多云,18,7,39,1,东北风,3级,优
2022-11-05 00:00:00,无锡,多云,18,8,46,1,东北风,2级,优
2022-11-06 00:00:00,无锡,多云,20,10,49,1,东南风,3级,优
2022-11-07 00:00:00,无锡,晴-多云,23,10,51,2,东南风,2级,良
2022-11-08 00:00:00,无锡,多云,23,13,56,2,东南风,2级,良
2022-11-09 00:00:00,无锡,雾-多云,22,15,42,1,东南风,3级,优
2022-11-10 00:00:00,无锡,中雨-多云,25,18,62,2,东风,2级,良
2022-11-11 00:00:00,无锡,雾-多云,25,19,44,1,东南风,3级,优
2022-11-12 00:00:00,无锡,多云-小雨,28,13,38,1,西南风,3级,优
2022-11-13 00:00:00,无锡,多云,13,10,37,1,北风,3级,优
2022-11-14 00:00:00,无锡,小雨-多云,12,6,46,1,西北风,2级,优
2022-11-15 00:00:00,无锡,多云,16,4,62,2,西北风,2级,良
2022-11-16 00:00:00,无锡,小雨-中雨,17,13,85,2,东南风,2级,良
2022-11-17 00:00:00,无锡,中雨,14,13,29,1,东北风,3级,优
2022-11-18 00:00:00,无锡,雾-中雨,19,15,32,1,东北风,3级,优
2022-11-19 00:00:00,无锡,小雨-多云,17,14,44,1,西北风,2级,优
2022-11-20 00:00:00,无锡,多云,17,11,55,2,西北风,3级,良
2022-11-21 00:00:00,无锡,多云-中雨,21,15,58,2,东风,2级,良
2022-11-22 00:00:00,无锡,小雨-多云,15,12,33,1,西北风,3级,优
2022-11-23 00:00:00,无锡,雾-多云,17,10,40,1,北风,2级,优
2022-11-24 00:00:00,无锡,雾-多云,19,12,41,1,东南风,2级,优
2022-11-25 00:00:00,无锡,多云,19,12,55,2,东南风,2级,良
2022-11-26 00:00:00,无锡,多云,20,12,75,2,东北风,2级,良
2022-11-27 00:00:00,无锡,多云,21,15,46,1,东南风,4级,优
2022-11-28 00:00:00,无锡,大雨-中雨,22,12,31,1,南风,3级,优
2022-11-29 00:00:00,无锡,中雨-小雨,13,2,34,1,北风,4级,优
2022-11-30 00:00:00,无锡,多云,2,1,36,1,北风,4级,优
2022-12-01 00:00:00,无锡,多云,3,0,40,1,西北风,3级,优
2022-12-02 00:00:00,无锡,多云-小雨,7,6,50,1,东北风,1级,优
2022-12-03 00:00:00,无锡,小雨,8,5,47,1,北风,2级,优
2022-12-04 00:00:00,无锡,小雨,8,5,38,1,东北风,4级,优
2022-12-05 00:00:00,无锡,多云,10,0,36,1,北风,3级,优
2022-12-06 00:00:00,无锡,雾-多云,12,1,57,2,东风,1级,良
2022-12-07 00:00:00,无锡,多云,11,8,74,2,东风,2级,良
2022-12-08 00:00:00,无锡,多云-小雨,13,10,84,2,东风,1级,良
2022-12-09 00:00:00,无锡,小雨-多云,11,10,71,2,西北风,3级,良
2022-12-10 00:00:00,无锡,雾-多云,11,3,70,2,西北风,3级,良
2022-12-11 00:00:00,无锡,多云,9,3,56,2,北风,3级,良
2022-12-12 00:00:00,无锡,多云,9,-1,56,2,西北风,3级,良
2022-12-13 00:00:00,无锡,晴-多云,12,0,102,3,西北风,3级,轻度
2022-12-14 00:00:00,无锡,晴-多云,8,-1,82,2,东北风,1级,良
2022-12-15 00:00:00,无锡,晴-多云,13,4,75,2,东南风,3级,良
2022-12-16 00:00:00,无锡,小雨-雨夹雪,9,0,56,2,东北风,4级,良
2022-12-17 00:00:00,无锡,多云,4,-3,57,2,西北风,5级,良
2022-12-18 00:00:00,无锡,晴-多云,5,-1,61,2,西北风,3级,良
2022-12-19 00:00:00,无锡,晴-多云,10,-2,55,2,南风,2级,良
2022-12-20 00:00:00,无锡,雾-多云,13,0,66,2,东南风,3级,良
2022-12-21 00:00:00,无锡,晴-霾,11,0,74,2,西风,2级,良
2022-12-22 00:00:00,无锡,晴,5,0,85,2,西北风,3级,良
2022-12-23 00:00:00,无锡,晴,5,-3,85,2,西北风,2级,良
2022-12-24 00:00:00,无锡,晴,4,-4,55,2,西北风,1级,良
2022-12-25 00:00:00,无锡,晴,7,-4,41,1,西风,1级,优
2022-12-26 00:00:00,无锡,雾-多云,6,-2,62,2,无持续风向,1级,良
2022-12-27 00:00:00,无锡,霾-雾,9,-2,75,2,北风,1级,良
2022-12-28 00:00:00,无锡,霾,7,4,106,3,西北风,1级,轻度污染
2022-12-29 00:00:00,无锡,多云,6,0,85,2,东北风,1级,良
2022-12-30 00:00:00,无锡,霾-晴,8,-2,54,2,东北风,1级,良
2022-12-31 00:00:00,无锡,雾-晴,11,-3,57,2,无持续风向,1级,良
2023-01-01 00:00:00,无锡,雾-小雨,9,4,104,3,东风,2级,轻度
2023-01-02 00:00:00,无锡,霾,9,5,57,2,东北风,1级,良
2023-01-03 00:00:00,无锡,晴-霾,11,1,57,2,无持续风向,1级,良
2023-01-04 00:00:00,无锡,晴,12,-1,56,2,东风,1级,良
2023-01-05 00:00:00,无锡,霾,13,3,66,2,无持续风向,1级,良
2023-01-06 00:00:00,无锡,霾,14,6,87,2,西风,2级,良
2023-01-07 00:00:00,无锡,雾-霾,15,2,87,2,无持续风向,1级,良
2023-01-08 00:00:00,无锡,霾-晴,18,1,80,2,东南风,1级,良
2023-01-09 00:00:00,无锡,雾,17,2,88,2,东北风,3级,良
2023-01-10 00:00:00,无锡,晴,12,5,77,2,东风,2级,良
2023-01-11 00:00:00,无锡,雾-晴,16,1,45,1,东南风,1级,优
2023-01-12 00:00:00,无锡,晴-多云,20,9,36,1,东南风,2级,优
2023-01-13 00:00:00,无锡,雾-雨,17,14,33,1,无持续风向,1级,优
2023-01-14 00:00:00,无锡,阴,13,1,22,1,东北风,2级,优
2023-01-15 00:00:00,无锡,阴,1,-2,31,1,西北风,2级,优
2023-01-16 00:00:00,无锡,阴-晴,3,-2,50,1,西北风,2级,优
2023-01-17 00:00:00,无锡,晴,6,1,56,2,西风,1级,良
2023-01-18 00:00:00,无锡,晴,8,-1,72,2,西风,2级,良
2023-01-19 00:00:00,无锡,雾-晴,10,-3,71,2,南风,1级,良
2023-01-20 00:00:00,无锡,晴-霾,9,1,93,2,无持续风向,2级,良
2023-01-21 00:00:00,无锡,多云,11,2,70,2,东风,2级,良
2023-01-22 00:00:00,无锡,小雨-多云,7,5,50,1,西北风,1级,优
2023-01-23 00:00:00,无锡,多云,7,2,35,1,东北风,2级,优
2023-01-24 00:00:00,无锡,晴-多云,1,-4,49,1,西北风,3级,优
2023-01-25 00:00:00,无锡,多云,2,-9,30,1,无持续风向,2级,优
2023-01-26 00:00:00,无锡,晴,8,-4,55,2,西北风,1级,良
2023-01-27 00:00:00,无锡,多云-晴,4,-1,63,2,西北风,2级,良
2023-01-28 00:00:00,无锡,多云,6,-3,61,2,西风,2级,良
2023-01-29 00:00:00,无锡,多云,11,-5,58,2,西风,1级,良
2023-01-30 00:00:00,无锡,晴,13,-3,63,2,无持续风向,1级,良
2023-01-31 00:00:00,无锡,雾-晴,19,1,60,2,无持续风向,1级,良
2023-02-01 00:00:00,无锡,雾-霾,15,3,76,2,东北风,3级,良
2023-02-02 00:00:00,无锡,晴-多云,5,2,46,1,东北风,2级,优
2023-02-03 00:00:00,无锡,多云-晴,9,2,62,2,东北风,1级,良
2023-02-04 00:00:00,无锡,雾-多云,11,-1,51,2,东风,2级,良
2023-02-05 00:00:00,无锡,多云,10,3,53,2,东风,2级,良
2023-02-06 00:00:00,无锡,多云,9,8,46,1,东风,2级,优
2023-02-07 00:00:00,无锡,雾-多云,11,7,38,1,东北风,2级,优
2023-02-08 00:00:00,无锡,雾,9,5,68,2,东风,2级,良
2023-02-09 00:00:00,无锡,多云,8,7,34,1,东风,2级,优
2023-02-10 00:00:00,无锡,多云,7,6,38,1,东风,2级,优
2023-02-11 00:00:00,无锡,多云,8,6,26,1,东风,2级,优
2023-02-12 00:00:00,无锡,雾-多云,12,8,30,1,东风,2级,优
2023-02-13 00:00:00,无锡,多云-雨,9,3,40,1,东北风,2级,优
2023-02-14 00:00:00,无锡,多云,6,1,39,1,北风,2级,优
2023-02-15 00:00:00,无锡,晴,9,2,48,1,西北风,2级,优
2023-02-16 00:00:00,无锡,晴,11,-1,52,2,东风,1级,良
2023-02-17 00:00:00,无锡,多云-晴,13,6,59,2,东南风,2级,良
2023-02-18 00:00:00,无锡,霾-多云,19,9,82,2,无持续风向,1级,良
2023-02-19 00:00:00,无锡,霾,11,4,94,2,无持续风向,2级,良
2023-02-20 00:00:00,无锡,雾,13,3,67,2,东风,2级,良
2023-02-21 00:00:00,无锡,多云,7,2,42,1,东风,2级,优
2023-02-22 00:00:00,无锡,多云,7,1,44,1,东风,2级,优
2023-02-23 00:00:00,无锡,多云,7,4,43,1,东风,2级,优
2023-02-24 00:00:00,无锡,多云-霾,11,3,60,2,东北风,1级,良
2023-02-25 00:00:00,无锡,多云-晴,9,0,64,2,东北风,1级,良
2023-02-26 00:00:00,无锡,晴,10,-3,40,1,东风,1级,优
2023-02-27 00:00:00,无锡,晴,13,2,52,2,东南风,2级,良
2023-02-28 00:00:00,无锡,晴-多云,16,3,53,2,无持续风向,1级,良
2023-03-01 00:00:00,无锡,霾-雾,17,6,84,2,北风,2级,良
2023-03-02 00:00:00,无锡,霾-多云,14,3,81,2,东北风,2级,良
2023-03-03 00:00:00,无锡,多云,15,2,48,1,东南风,2级,优
2023-03-04 00:00:00,无锡,雾-霾,19,3,64,2,东南风,1级,良
2023-03-05 00:00:00,无锡,霾,20,8,72,2,东南风,1级,良
2023-03-06 00:00:00,无锡,雾-霾,24,6,67,2,东南风,2级,良
2023-03-07 00:00:00,无锡,多云,25,12,74,2,东南风,2级,良
2023-03-08 00:00:00,无锡,多云-霾,23,11,73,2,无持续风向,2级,良
2023-03-09 00:00:00,无锡,晴-霾,26,12,70,2,西风,2级,良
2023-03-10 00:00:00,无锡,晴,27,10,77,2,东南风,1级,良
2023-03-11 00:00:00,无锡,多云,26,16,61,2,东南风,2级,良
2023-03-12 00:00:00,无锡,多云,17,6,75,2,北风,2级,良
2023-03-13 00:00:00,无锡,多云-晴,14,4,61,2,东南风,2级,良
2023-03-14 00:00:00,无锡,晴,21,7,59,2,东南风,2级,良
2023-03-15 00:00:00,无锡,多云,24,9,79,2,东北风,1级,良
2023-03-16 00:00:00,无锡,晴,15,7,83,2,东风,3级,良
2023-03-17 00:00:00,无锡,雨-多云,9,6,28,1,东北风,2级,优
2023-03-18 00:00:00,无锡,多云,7,6,30,1,西北风,2级,优
2023-03-19 00:00:00,无锡,多云,12,6,43,1,东风,2级,优
2023-03-20 00:00:00,无锡,多云-霾,13,10,52,2,东风,2级,良
2023-03-21 00:00:00,无锡,多云-雾,15,12,33,1,东风,1级,优
2023-03-22 00:00:00,无锡,多云-雾,15,13,53,2,东风,1级,良
2023-03-23 00:00:00,无锡,霾-多云,13,10,95,2,东北风,2级,良
2023-03-24 00:00:00,无锡,多云-霾,10,7,111,3,东北风,2级,轻度污染
2023-03-25 00:00:00,无锡,多云,10,5,56,2,西北风,1级,良
2023-03-26 00:00:00,无锡,多云-晴,16,6,69,2,无持续风向,2级,良
2023-03-27 00:00:00,无锡,多云-晴,19,6,97,2,东风,1级,良
2023-03-28 00:00:00,无锡,霾-多云,20,5,80,2,东南风,2级,良
2023-03-29 00:00:00,无锡,多云,19,11,63,2,东南风,2级,良
2023-03-30 00:00:00,无锡,多云,16,11,50,1,东风,2级,优
2023-03-31 00:00:00,无锡,霾-多云,18,12,67,2,东风,2级,良
2023-04-01 00:00:00,无锡,多云,21,13,51,2,东风,1级,良
2023-04-02 00:00:00,无锡,晴,24,8,56,2,东风,3级,良
2023-04-03 00:00:00,无锡,雾-多云,19,13,50,1,东南风,3级,优
2023-04-04 00:00:00,无锡,多云,22,15,29,1,东南风,3级,优
2023-04-05 00:00:00,无锡,雾,15,11,31,1,西风,3级,优
2023-04-06 00:00:00,无锡,多云-霾,13,10,48,1,西北风,1级,优
2023-04-07 00:00:00,无锡,多云-晴,18,10,62,2,西北风,2级,良
2023-04-08 00:00:00,无锡,雾-晴,19,5,60,2,东风,1级,良
2023-04-09 00:00:00,无锡,晴,23,10,57,2,东南风,2级,良
2023-04-10 00:00:00,无锡,晴-多云,27,11,67,2,东南风,2级,良
2023-04-11 00:00:00,无锡,多云,27,14,135,3,无持续风向,1级,轻度污染
2023-04-12 00:00:00,无锡,霾-浮尘,22,13,244,5,东风,3级,重度污染
2023-04-13 00:00:00,无锡,多云-霾,22,12,116,3,东南风,2级,轻度污染
2023-04-14 00:00:00,无锡,霾,24,15,87,2,西北风,1级,良
2023-04-15 00:00:00,无锡,霾,24,15,66,2,西北风,2级,良
2023-04-16 00:00:00,无锡,霾,26,14,79,2,东风,2级,良
2023-04-17 00:00:00,无锡,霾-晴,30,15,78,2,东南风,2级,良
2023-04-18 00:00:00,无锡,多云,33,19,65,2,无持续风向,2级,良
2023-04-19 00:00:00,无锡,多云,26,18,55,2,东风,2级,良
2023-04-20 00:00:00,无锡,多云-雾,24,17,37,1,东风,2级,优
2023-04-21 00:00:00,无锡,多云,21,12,48,1,东北风,3级,优
2023-04-22 00:00:00,无锡,多云,21,10,73,2,东风,3级,良
2023-04-23 00:00:00,无锡,小雨-多云,15,12,85,2,东风,3级,良
2023-04-24 00:00:00,无锡,多云,15,11,45,1,东风,2级,优
2023-04-25 00:00:00,无锡,多云,18,12,45,1,西风,2级,优
2023-04-26 00:00:00,无锡,多云,22,12,57,2,西风,2级,良
2023-04-27 00:00:00,无锡,多云,24,14,62,2,东南风,2级,良
2023-04-28 00:00:00,无锡,多云-霾,27,16,65,2,无持续风向,2级,良
2023-04-29 00:00:00,无锡,多云-霾,22,10,65,2,西北风,3级,良
2023-04-30 00:00:00,无锡,多云-晴,24,9,65,2,西南风,1级,良
2023-05-01 00:00:00,无锡,晴-雾,28,11,65,2,东南风,1级,良
2023-05-02 00:00:00,无锡,雾,27,16,65,2,东南风,3级,良
2023-05-03 00:00:00,无锡,多云,28,20,65,2,东南风,2级,良
2023-05-04 00:00:00,无锡,多云,31,23,65,2,南风,2级,良
2023-05-05 00:00:00,无锡,多云,23,20,43,1,西风,2级,优
2023-05-06 00:00:00,无锡,雨-多云,20,15,41,1,东北风,2级,优
2023-05-07 00:00:00,无锡,雨-多云,18,14,31,1,北风,2级,优
2023-05-08 00:00:00,无锡,多云,21,10,40,1,东北风,2级,优
2023-05-09 00:00:00,无锡,雾,24,8,52,2,东风,2级,良
2023-05-10 00:00:00,无锡,多云,21,12,46,1,东风,2级,优
2023-05-11 00:00:00,无锡,多云,20,16,40,1,无持续风向,1级,优
2023-05-12 00:00:00,无锡,多云,24,15,58,2,无持续风向,1级,良
2023-05-13 00:00:00,无锡,雾-多云,27,13,69,2,西南风,1级,良
2023-05-14 00:00:00,无锡,晴,32,19,71,2,西风,2级,良
2023-05-15 00:00:00,无锡,晴,34,17,62,2,无持续风向,2级,良
2023-05-16 00:00:00,无锡,晴,32,20,73,2,东南风,2级,良
2023-05-17 00:00:00,无锡,多云,27,20,26,1,东南风,2级,优
2023-05-18 00:00:00,无锡,多云-雾,21,19,29,1,西北风,2级,优
2023-05-19 00:00:00,无锡,多云-晴,26,18,32,1,无持续风向,1级,优
2023-05-20 00:00:00,无锡,雾-多云,26,18,45,1,东南风,2级,优
2023-05-21 00:00:00,无锡,雾-多云,29,19,56,2,东风,2级,良
2023-05-22 00:00:00,无锡,雨-多云,20,14,79,2,东北风,2级,良
2023-05-23 00:00:00,无锡,雾-晴,27,15,120,3,无持续风向,2级,轻度污染
2023-05-24 00:00:00,无锡,多云,20,15,83,2,东南风,2级,良
2023-05-25 00:00:00,无锡,多云-晴,28,13,49,1,东南风,2级,优
2023-05-26 00:00:00,无锡,多云,29,20,59,2,东风,2级,良
2023-05-27 00:00:00,无锡,雨-多云,29,22,45,1,东南风,2级,优
2023-05-28 00:00:00,无锡,晴-多云,36,24,46,1,无持续风向,2级,优
2023-05-29 00:00:00,无锡,多云,35,25,58,2,无持续风向,1级,良
2023-05-30 00:00:00,无锡,多云,28,22,44,1,东北风,2级,优
2023-05-31 00:00:00,无锡,多云,25,21,41,1,东北风,2级,优
2023-06-01 00:00:00,无锡,多云,29,22,46,1,东风,1级,优
2023-06-02 00:00:00,无锡,多云,34,19,52,2,西北风,2级,良
2023-06-03 00:00:00,无锡,多云,28,22,52,2,东风,2级,良
2023-06-04 00:00:00,无锡,多云,26,21,52,2,东风,2级,良
2023-06-05 00:00:00,无锡,多云,21,17,44,1,西北风,2级,优
2023-06-06 00:00:00,无锡,多云,26,17,36,1,西北风,2级,优
2023-06-07 00:00:00,无锡,晴-多云,29,16,48,1,南风,1级,优
2023-06-08 00:00:00,无锡,多云,32,23,47,1,西风,1级,优
2023-06-09 00:00:00,无锡,多云-晴,34,23,66,2,南风,1级,良
2023-06-10 00:00:00,无锡,晴,35,23,76,2,无持续风向,2级,良
2023-06-11 00:00:00,无锡,多云-霾,30,21,54,2,东风,2级,良
2023-06-12 00:00:00,无锡,多云,29,21,39,1,东风,2级,优
2023-06-13 00:00:00,无锡,多云,27,22,34,1,东风,2级,优
2023-06-14 00:00:00,无锡,雾-晴,31,20,65,2,无持续风向,1级,良
2023-06-15 00:00:00,无锡,雾-晴,33,19,84,2,无持续风向,1级,良
2023-06-16 00:00:00,无锡,多云,30,22,69,2,东南风,2级,良
2023-06-17 00:00:00,无锡,多云,25,21,31,1,东南风,2级,优
2023-06-18 00:00:00,无锡,多云,26,22,16,1,东风,1级,优
2023-06-19 00:00:00,无锡,雾-雨,27,24,18,1,东南风,1级,优
2023-06-20 00:00:00,无锡,晴-多云,30,24,33,1,西风,2级,优
2023-06-21 00:00:00,无锡,多云-晴,33,22,79,2,东北风,1级,良
2023-06-22 00:00:00,无锡,阴,31,22,53,2,无持续风向,1级,良
2023-06-23 00:00:00,无锡,阴,29,21,45,1,东南风,3级,优
2023-06-24 00:00:00,无锡,小雨,23,20,26,1,东南风,1级,优
2023-06-25 00:00:00,无锡,小雨,26,23,21,1,东南风,1级,优
2023-06-26 00:00:00,无锡,大雨-阴,29,23,20,1,西南风,2级,优
2023-06-27 00:00:00,无锡,晴,31,23,26,1,东南风,2级,优
2023-06-28 00:00:00,无锡,晴,35,26,30,1,西南风,2级,优
2023-06-29 00:00:00,无锡,大雨-多云,35,26,26,1,西南风,1级,优
2023-06-30 00:00:00,无锡,中雨-多云,30,24,20,1,西北风,1级,优
2023-07-01 00:00:00,无锡,中雨-多云,34,24,30,1,西北风,1级,优
2023-07-02 00:00:00,无锡,大雨-多云,34,25,42,1,东南风,1级,优
2023-07-03 00:00:00,无锡,阴-多云,35,25,31,1,东南风,1级,优
2023-07-04 00:00:00,无锡,多云-阴,35,28,26,1,西南风,2级,优
2023-07-05 00:00:00,无锡,多云,34,24,44,1,西南风,2级,优
2023-07-06 00:00:00,无锡,多云,35,26,33,1,西南风,2级,优
2023-07-07 00:00:00,无锡,多云-阴,31,27,32,1,东北风,2级,优
2023-07-08 00:00:00,无锡,中雨-阴,31,26,20,1,西南风,1级,优
2023-07-09 00:00:00,无锡,多云,33,27,27,1,西南风,2级,优
2023-07-10 00:00:00,无锡,阴-多云,32,24,23,1,东南风,2级,优
2023-07-11 00:00:00,无锡,多云-晴,37,26,41,1,东南风,2级,优
2023-07-12 00:00:00,无锡,晴-多云,38,28,52,2,东南风,1级,良
2023-07-13 00:00:00,无锡,多云,34,30,44,1,西南风,2级,优
2023-07-14 00:00:00,无锡,阴-多云,36,29,37,1,西南风,1级,优
2023-07-15 00:00:00,无锡,多云,34,27,35,1,西北风,2级,优
2023-07-16 00:00:00,无锡,小雨-多云,31,24,44,1,东北风,1级,优
2023-07-17 00:00:00,无锡,多云,32,25,21,1,东北风,2级,优
2023-07-18 00:00:00,无锡,晴-多云,33,26,20,1,东北风,2级,优
2023-07-19 00:00:00,无锡,多云,31,26,23,1,东北风,2级,优
2023-07-20 00:00:00,无锡,中雨-小雨,29,25,22,1,东南风,1级,优
2023-07-21 00:00:00,无锡,雾-多云,34,26,25,1,东南风,1级,优
2023-07-22 00:00:00,无锡,小雨-阴,31,25,18,1,西南风,2级,优
2023-07-23 00:00:00,无锡,小雨-多云,34,25,23,1,西南风,2级,优
2023-07-24 00:00:00,无锡,晴,35,27,32,1,东南风,1级,优
2023-07-25 00:00:00,无锡,晴-多云,34,27,37,1,东南风,2级,优
2023-07-26 00:00:00,无锡,晴-多云,33,27,36,1,东南风,2级,优
2023-07-27 00:00:00,无锡,多云-晴,33,27,36,1,东南风,2级,优
2023-07-28 00:00:00,无锡,中雨-阴,29,25,36,1,东南风,2级,优
2023-07-29 00:00:00,无锡,中雨-阴,31,27,36,1,东南风,3级,优
2023-07-30 00:00:00,无锡,阴,33,27,36,1,东南风,3级,优
2023-07-31 00:00:00,无锡,多云-晴,34,27,36,1,东南风,2级,优
2023-08-01 00:00:00,无锡,多云-阴,31,25,36,1,东南风,2级,优
2023-08-02 00:00:00,无锡,晴,34,26,36,1,东北风,2级,优
2023-08-03 00:00:00,无锡,晴,34,27,36,1,东北风,2级,优
2023-08-04 00:00:00,无锡,晴,34,27,36,1,东北风,2级,优
2023-08-05 00:00:00,无锡,晴,35,26,36,1,东北风,2级,优
2023-08-06 00:00:00,无锡,晴,36,27,36,1,东北风,1级,优
2023-08-07 00:00:00,无锡,多云-晴,34,28,36,1,东北风,2级,优
2023-08-08 00:00:00,无锡,晴,33,26,36,1,东北风,2级,优
2023-08-09 00:00:00,无锡,晴,34,25,35,1,西北风,1级,优
2023-08-10 00:00:00,无锡,晴,34,26,60,2,西北风,2级,良
2023-08-11 00:00:00,无锡,晴,35,25,75,2,无持续风向,1级,良
2023-08-12 00:00:00,无锡,晴,37,26,84,2,东南风,2级,良
2023-08-13 00:00:00,无锡,晴,37,26,62,2,东北风,2级,良
2023-08-14 00:00:00,无锡,多云,35,28,39,1,东北风,2级,优
2023-08-15 00:00:00,无锡,多云-小雨,33,27,28,1,东南风,2级,优
2023-08-16 00:00:00,无锡,晴,33,26,38,1,东南风,1级,优
2023-08-17 00:00:00,无锡,多云-晴,32,23,41,1,东南风,1级,优
2023-08-18 00:00:00,无锡,晴-多云,32,23,33,1,东南风,1级,优
2023-08-19 00:00:00,无锡,晴,33,25,35,1,东南风,2级,优
2023-08-20 00:00:00,无锡,晴,34,26,33,1,东南风,2级,优
2023-08-21 00:00:00,无锡,多云-晴,35,27,33,1,西南风,2级,优
2023-08-22 00:00:00,无锡,中雨-多云,31,25,31,1,西北风,2级,优
2023-08-23 00:00:00,无锡,多云-晴,32,25,37,1,东北风,2级,优
2023-08-24 00:00:00,无锡,晴,32,22,66,2,东北风,1级,良
2023-08-25 00:00:00,无锡,多云-晴,33,24,60,2,东北风,2级,良
2023-08-26 00:00:00,无锡,多云,32,25,45,1,东南风,2级,优
2023-08-27 00:00:00,无锡,阴,33,27,28,1,东南风,2级,优
2023-08-28 00:00:00,无锡,多云,30,22,18,1,西北风,2级,优
2023-08-29 00:00:00,无锡,阴-小雨,25,22,26,1,西北风,1级,优
2023-08-30 00:00:00,无锡,小雨-阴,24,20,28,1,西北风,1级,优
2023-08-31 00:00:00,无锡,多云,28,20,43,1,东北风,2级,优
2023-09-01 00:00:00,无锡,晴-多云,30,19,33,1,东北风,2级,优
2023-09-02 00:00:00,无锡,晴,31,20,42,1,东北风,3级,优
2023-09-03 00:00:00,无锡,晴-多云,31,24,46,1,东北风,1级,优
2023-09-04 00:00:00,无锡,晴,33,25,30,1,东北风,2级,优
2023-09-05 00:00:00,无锡,多云,31,25,26,1,东北风,2级,优
2023-09-06 00:00:00,无锡,晴,32,24,29,1,东北风,2级,优
2023-09-07 00:00:00,无锡,晴,32,23,39,1,东北风,2级,优
2023-09-08 00:00:00,无锡,晴,32,22,44,1,东北风,2级,优
2023-09-09 00:00:00,无锡,晴,32,20,42,1,东南风,2级,优
2023-09-10 00:00:00,无锡,晴,32,21,50,1,东南风,2级,优
2023-09-11 00:00:00,无锡,多云-阴,33,25,57,2,东北风,1级,良
2023-09-12 00:00:00,无锡,阴-多云,27,24,35,1,东北风,2级,优
2023-09-13 00:00:00,无锡,大雨-小雨,24,22,22,1,东北风,2级,优
2023-09-14 00:00:00,无锡,多云-阴,25,22,18,1,东北风,1级,优
2023-09-15 00:00:00,无锡,大雨-阴,24,22,20,1,东北风,1级,优
2023-09-16 00:00:00,无锡,小雨-多云,29,23,29,1,西北风,1级,优
2023-09-17 00:00:00,无锡,多云-晴,31,21,46,1,无持续风向,1级,优
2023-09-18 00:00:00,无锡,晴,33,22,57,2,东南风,1级,良
2023-09-19 00:00:00,无锡,晴-多云,34,25,44,1,东南风,2级,优
2023-09-20 00:00:00,无锡,阴-多云,29,23,37,1,东北风,2级,优
2023-09-21 00:00:00,无锡,小雨-阴,25,19,31,1,东北风,2级,优
2023-09-22 00:00:00,无锡,小雨-阴,23,19,25,1,东北风,1级,优
2023-09-23 00:00:00,无锡,小雨-阴,23,20,22,1,东北风,3级,优
2023-09-24 00:00:00,无锡,小雨-多云,24,22,27,1,东风,3级,优
2023-09-25 00:00:00,无锡,阴-晴,29,21,42,1,西北风,2级,优
2023-09-26 00:00:00,无锡,晴-多云,28,22,39,1,东北风,1级,优
2023-09-27 00:00:00,无锡,多云,30,23,57,2,东北风,1级,良
2023-09-28 00:00:00,无锡,多云-晴,29,24,66,2,东北风,2级,良
2023-09-29 00:00:00,无锡,多云,29,23,49,1,东北风,2级,优
2023-09-30 00:00:00,无锡,晴,25,19,43,1,西北风,2级,优
2023-10-01 00:00:00,无锡,晴-多云,26,16,34,1,东北风,1级,优
2023-10-02 00:00:00,无锡,多云,24,16,28,1,东南风,1级,优
2023-10-03 00:00:00,无锡,阴-多云,21,20,23,1,东北风,2级,优
2023-10-04 00:00:00,无锡,晴-多云,26,20,29,1,东北风,2级,优
2023-10-05 00:00:00,无锡,晴,25,18,41,1,东北风,3级,优
2023-10-06 00:00:00,无锡,阴-多云,22,16,35,1,东北风,2级,优
2023-10-07 00:00:00,无锡,小雨-阴,20,15,22,1,东北风,2级,优
2023-10-08 00:00:00,无锡,小雨-多云,22,15,25,1,东北风,1级,优
2023-10-09 00:00:00,无锡,晴-多云,24,16,52,2,西北风,1级,良
2023-10-10 00:00:00,无锡,多云,23,17,60,2,西北风,1级,良
2023-10-11 00:00:00,无锡,晴,24,13,42,1,东北风,1级,优
2023-10-12 00:00:00,无锡,晴,24,13,39,1,东北风,2级,优
2023-10-13 00:00:00,无锡,多云-阴,19,15,29,1,东北风,1级,优
2023-10-14 00:00:00,无锡,多云,24,14,56,2,西北风,1级,良
2023-10-15 00:00:00,无锡,晴,26,13,59,2,西北风,1级,良
2023-10-16 00:00:00,无锡,晴,27,12,74,2,东北风,1级,良
2023-10-17 00:00:00,无锡,晴,27,13,85,2,东南风,1级,良
2023-10-18 00:00:00,无锡,晴,27,16,68,2,东南风,2级,良
2023-10-19 00:00:00,无锡,晴,28,15,69,2,东北风,1级,良
2023-10-20 00:00:00,无锡,中雨-晴,21,14,35,1,西北风,2级,优
2023-10-21 00:00:00,无锡,晴,21,8,43,1,西北风,1级,优
2023-10-22 00:00:00,无锡,晴,23,9,51,2,东南风,1级,良
2023-10-23 00:00:00,无锡,晴,25,12,44,1,东南风,1级,优
2023-10-24 00:00:00,无锡,晴,27,14,47,1,无持续风向,1级,优
2023-10-25 00:00:00,无锡,晴-阴,26,13,73,2,北风,1级,良
2023-10-26 00:00:00,无锡,多云,28,15,97,2,无持续风向,1级,良
2023-10-27 00:00:00,无锡,多云-阴,24,16,83,2,东北风,2级,良
2023-10-28 00:00:00,无锡,多云,25,12,36,1,东南风,1级,优
2023-10-29 00:00:00,无锡,晴,25,11,45,1,东南风,1级,优
2023-10-30 00:00:00,无锡,晴,26,12,50,1,东北风,1级,优
2023-10-31 00:00:00,无锡,晴,27,14,58,2,东南风,1级,良
2023-11-01 00:00:00,无锡,晴,29,15,57,2,东南风,2级,良
2023-11-02 00:00:00,无锡,晴,27,14,47,1,东南风,2级,优
2023-11-03 00:00:00,无锡,晴,29,15,48,1,东南风,1级,优
2023-11-04 00:00:00,无锡,多云,27,16,56,2,东北风,1级,良
2023-11-05 00:00:00,无锡,阴-多云,29,17,37,1,东南风,3级,优
2023-11-06 00:00:00,无锡,多云-阴,17,10,32,1,西北风,3级,优
2023-11-07 00:00:00,无锡,晴-多云,19,5,52,2,东南风,1级,良
2023-11-08 00:00:00,无锡,晴,22,10,56,2,东南风,2级,良
2023-11-09 00:00:00,无锡,晴-阴,20,13,68,2,东北风,1级,良
2023-11-10 00:00:00,无锡,多云-小雨,16,12,41,1,东北风,2级,优
2023-11-11 00:00:00,无锡,小雨-多云,14,10,31,1,东北风,2级,优
2023-11-12 00:00:00,无锡,多云-晴,11,6,37,1,西北风,2级,优
2023-11-13 00:00:00,无锡,多云-晴,12,4,39,1,西北风,2级,优
2023-11-14 00:00:00,无锡,雾-晴,14,2,50,1,无持续风向,1级,优
2023-11-15 00:00:00,无锡,晴,16,2,88,2,无持续风向,2级,良
2023-11-16 00:00:00,无锡,小雨-晴,14,8,88,2,西北风,2级,良
2023-11-17 00:00:00,无锡,晴,15,6,100,2,西北风,2级,良
2023-11-18 00:00:00,无锡,晴,14,2,46,1,西北风,2级,优
2023-11-19 00:00:00,无锡,晴,19,2,48,1,西南风,1级,优
2023-11-20 00:00:00,无锡,晴,21,3,62,2,东南风,1级,良
2023-11-21 00:00:00,无锡,晴,22,5,81,2,东南风,1级,良
2023-11-22 00:00:00,无锡,雾-多云,23,7,69,2,西南风,1级,良
2023-11-23 00:00:00,无锡,晴,20,9,98,2,西北风,2级,良
2023-11-24 00:00:00,无锡,晴,11,3,53,2,东北风,2级,良
2023-11-25 00:00:00,无锡,晴,15,2,37,1,东南风,1级,优
2023-11-26 00:00:00,无锡,晴,13,5,45,1,西北风,1级,优
2023-11-27 00:00:00,无锡,晴,17,7,81,2,西南风,2级,良
2023-11-28 00:00:00,无锡,晴,16,8,90,2,无持续风向,2级,良
2023-11-29 00:00:00,无锡,阴-多云,19,8,85,2,东南风,2级,良
2023-11-30 00:00:00,无锡,多云,10,4,39,1,西北风,2级,优
2023-12-01 00:00:00,无锡,多云-晴,9,0,48,1,西北风,2级,优
2023-12-02 00:00:00,无锡,晴,11,-2,57,2,东南风,1级,良
2023-12-03 00:00:00,无锡,雾-晴,13,-1,79,2,北风,1级,良
2023-12-04 00:00:00,无锡,多云,13,2,95,2,西南风,1级,良
2023-12-05 00:00:00,无锡,晴,17,1,91,2,东南风,1级,良
2023-12-06 00:00:00,无锡,晴,18,3,85,2,西北风,1级,良
2023-12-07 00:00:00,无锡,晴,19,1,102,3,东南风,1级,轻度污染
2023-12-08 00:00:00,无锡,晴,23,6,65,2,西南风,1级,良
2023-12-09 00:00:00,无锡,多云,22,8,74,2,东南风,1级,良
2023-12-10 00:00:00,无锡,多云,14,11,70,2,东北风,2级,良
2023-12-11 00:00:00,无锡,多云-阴,11,5,21,1,西北风,2级,优
2023-12-12 00:00:00,无锡,小雨-多云,6,4,45,1,西北风,2级,优
2023-12-13 00:00:00,无锡,多云,13,5,55,2,东南风,1级,良
2023-12-14 00:00:00,无锡,阴-霾,20,12,75,2,无持续风向,1级,良
2023-12-15 00:00:00,无锡,阴-雾,12,2,43,1,西北风,3级,优
2023-12-16 00:00:00,无锡,晴-多云,2,-1,43,1,西北风,3级,优
2023-12-17 00:00:00,无锡,晴,1,-3,30,1,西北风,2级,优
2023-12-18 00:00:00,无锡,阴,0,0,33,1,东北风,1级,优
2023-12-19 00:00:00,无锡,雪-雾,3,1,43,1,西北风,2级,优
2023-12-20 00:00:00,无锡,晴,2,-2,69,2,西北风,2级,良
2023-12-21 00:00:00,无锡,晴,-1,-4,42,1,西北风,3级,优
2023-12-22 00:00:00,无锡,晴,-1,-6,42,1,西北风,2级,优
2023-12-23 00:00:00,无锡,阴-多云,3,-3,46,1,无持续风向,1级,优
2023-12-24 00:00:00,无锡,雾-晴,6,-4,78,2,西风,1级,良
2023-12-25 00:00:00,无锡,雾-晴,5,-6,97,2,北风,1级,良
2023-12-26 00:00:00,无锡,雾-霾,10,-3,98,2,东风,1级,良
2023-12-27 00:00:00,无锡,雾-晴,13,1,115,3,无持续风向,1级,轻度污染
2023-12-28 00:00:00,无锡,雾-霾,13,1,149,3,东北风,1级,轻度污染
2023-12-29 00:00:00,无锡,雾-霾,12,5,128,3,东风,2级,轻度污染
2023-12-30 00:00:00,无锡,雾,10,4,110,3,西风,1级,轻度污染
2023-12-31 00:00:00,无锡,霾-雾,8,3,176,4,西北风,2级,中度污染
2024-01-01 00:00:00,无锡,雾-晴,8,-1,130,3,无持续风向,1级,轻度污染
2024-01-02 00:00:00,无锡,雾-晴,11,-1,77,2,东风,1级,良
2024-01-03 00:00:00,无锡,雾-晴,7,-1,88,2,西北风,2级,良
2024-01-04 00:00:00,无锡,雾-霾,11,-2,111,3,南风,1级,轻度污染
2024-01-05 00:00:00,无锡,雾-晴,15,1,99,2,无持续风向,1级,良
2024-01-06 00:00:00,无锡,雾-霾,13,1,164,4,北风,1级,中度污染
2024-01-07 00:00:00,无锡,晴,8,1,106,3,东北风,2级,轻度污染
2024-01-08 00:00:00,无锡,阴,8,1,36,1,东风,2级,优
2024-01-09 00:00:00,无锡,雾-霾,13,1,81,2,西风,2级,良
2024-01-10 00:00:00,无锡,雾-霾,7,-1,111,3,西北风,2级,轻度污染
2024-01-11 00:00:00,无锡,雾-霾,12,-3,99,2,南风,1级,良
2024-01-12 00:00:00,无锡,雾-晴,17,1,97,2,无持续风向,1级,良
2024-01-13 00:00:00,无锡,雾-霾,18,1,126,3,东风,2级,轻度污染
2024-01-14 00:00:00,无锡,雾-霾,20,3,132,3,无持续风向,2级,轻度污染
2024-01-15 00:00:00,无锡,晴,8,1,50,1,东北风,2级,优
2024-01-16 00:00:00,无锡,晴,11,-2,34,1,东风,2级,优
2024-01-17 00:00:00,无锡,晴,17,7,42,1,东南风,2级,优
2024-01-18 00:00:00,无锡,阴-多云,9,6,41,1,东北风,1级,优
2024-01-19 00:00:00,无锡,中雨-雨,7,5,32,1,东北风,2级,优
2024-01-20 00:00:00,无锡,雾-小雨,5,3,44,1,西北风,3级,优
2024-01-21 00:00:00,无锡,阴-雾,3,1,61,2,西北风,2级,良
2024-01-22 00:00:00,无锡,阴-多云,-1,-3,43,1,北风,2级,优
2024-01-23 00:00:00,无锡,晴,-1,-5,31,1,西北风,3级,优
2024-01-24 00:00:00,无锡,晴,4,-4,44,1,西北风,2级,优
2024-01-25 00:00:00,无锡,晴,6,-5,60,2,西风,1级,良
2024-01-26 00:00:00,无锡,雾-晴,6,-5,83,2,西风,1级,良
2024-01-27 00:00:00,无锡,雾-霾,7,-2,110,3,西风,1级,轻度污染
2024-01-28 00:00:00,无锡,雾-晴,10,-1,105,3,西风,1级,轻度污染
2024-01-29 00:00:00,无锡,雾-晴,12,3,109,3,东风,2级,轻度污染
2024-01-30 00:00:00,无锡,雨-雾,10,7,59,2,东风,2级,良
2024-01-31 00:00:00,无锡,雾-阴,10,9,38,1,东风,1级,优
2024-02-01 00:00:00,无锡,阴-中雨,9,3,26,1,东北风,2级,优
2024-02-02 00:00:00,无锡,中雨-阴,4,1,29,1,东北风,2级,优
2024-02-03 00:00:00,无锡,雨-阴,4,2,21,1,北风,2级,优
2024-02-04 00:00:00,无锡,阴,3,1,35,1,西北风,2级,优
2024-02-05 00:00:00,无锡,多云-雾,1,0,46,1,西北风,3级,优
2024-02-06 00:00:00,无锡,阴,2,1,74,2,西北风,1级,良
2024-02-07 00:00:00,无锡,晴-多云,6,1,54,2,北风,1级,良
2024-02-08 00:00:00,无锡,霾-晴,7,1,81,2,西北风,1级,良
2024-02-09 00:00:00,无锡,雾-霾,10,-2,144,3,西风,1级,轻度污染
2024-02-10 00:00:00,无锡,雾-晴,14,1,154,4,西风,2级,中度污染
2024-02-11 00:00:00,无锡,雾-晴,15,2,117,3,西风,2级,轻度污染
2024-02-12 00:00:00,无锡,雾-晴,18,1,79,2,东南风,2级,良
2024-02-13 00:00:00,无锡,晴-阴,19,7,46,1,东南风,1级,优
2024-02-14 00:00:00,无锡,雾-晴,23,6,43,1,南风,1级,优
2024-02-15 00:00:00,无锡,阴-雾,14,4,66,2,北风,2级,良
2024-02-16 00:00:00,无锡,晴,11,-1,26,1,东南风,1级,优
2024-02-17 00:00:00,无锡,晴,17,4,28,1,东南风,2级,优
2024-02-18 00:00:00,无锡,多云-晴,24,12,28,1,东南风,2级,优
2024-02-19 00:00:00,无锡,雾-多云,18,6,37,1,东北风,1级,优
2024-02-20 00:00:00,无锡,雾-阴,7,5,18,1,东北风,3级,优
2024-02-21 00:00:00,无锡,雨夹雪-雨,7,1,15,1,北风,2级,优
2024-02-22 00:00:00,无锡,雾-阴,1,0,26,1,西北风,2级,优
2024-02-23 00:00:00,无锡,雪-阴,1,-1,39,1,西北风,2级,优
2024-02-24 00:00:00,无锡,阴,0,0,49,1,西北风,2级,优
2024-02-25 00:00:00,无锡,多云,4,-1,67,2,西北风,2级,良
2024-02-26 00:00:00,无锡,霾-晴,9,1,89,2,东北风,2级,良
2024-02-27 00:00:00,无锡,晴,9,2,57,2,无持续风向,1级,良
2024-02-28 00:00:00,无锡,多云-阴,6,1,48,1,西北风,1级,优
2024-02-29 00:00:00,无锡,小雨-阴,5,4,23,1,西风,2级,优
2024-03-01 00:00:00,无锡,晴,6,0,47,1,东北风,2级,优
2024-03-02 00:00:00,无锡,晴,9,-3,53,2,南风,1级,良
2024-03-03 00:00:00,无锡,雾-晴,15,1,64,2,东南风,1级,良
2024-03-04 00:00:00,无锡,晴-阴,12,7,47,1,东南风,2级,优
2024-03-05 00:00:00,无锡,阴,10,7,31,1,西北风,2级,优
2024-03-06 00:00:00,无锡,晴,10,5,54,2,北风,2级,良
2024-03-07 00:00:00,无锡,雾-晴,13,1,61,2,无持续风向,1级,良
2024-03-08 00:00:00,无锡,雾-晴,12,2,85,2,西北风,2级,良
2024-03-09 00:00:00,无锡,雾-晴,14,2,80,2,东风,2级,良
2024-03-10 00:00:00,无锡,雾-晴,16,3,65,2,东风,2级,良
2024-03-11 00:00:00,无锡,阴-晴,19,8,50,1,西南风,1级,优
2024-03-12 00:00:00,无锡,晴-多云,16,5,83,2,无持续风向,1级,良
2024-03-13 00:00:00,无锡,晴,17,1,49,1,东南风,2级,优
2024-03-14 00:00:00,无锡,阴,15,9,56,2,东风,1级,良
2024-03-15 00:00:00,无锡,多云,20,5,64,2,东风,2级,良
2024-03-16 00:00:00,无锡,阴-晴,23,12,42,1,东南风,2级,优
2024-03-17 00:00:00,无锡,阴-雾,16,7,79,2,东北风,2级,良
2024-03-18 00:00:00,无锡,晴-多云,11,5,70,2,东北风,2级,良
2024-03-19 00:00:00,无锡,雾-晴,18,5,71,2,西风,1级,良
2024-03-20 00:00:00,无锡,晴,19,3,96,2,无持续风向,2级,良
2024-03-21 00:00:00,无锡,晴,22,6,68,2,东南风,2级,良
2024-03-22 00:00:00,无锡,晴,26,13,61,2,南风,2级,良
2024-03-23 00:00:00,无锡,晴-阴,23,14,79,2,东风,2级,良
2024-03-24 00:00:00,无锡,雾-阴,18,13,74,2,东北风,1级,良
2024-03-25 00:00:00,无锡,阴-雾,15,10,50,1,西北风,2级,优
2024-03-26 00:00:00,无锡,雾-多云,16,8,29,1,西北风,2级,优
2024-03-27 00:00:00,无锡,雾-多云,14,9,51,2,东风,2级,良
2024-03-28 00:00:00,无锡,雾-多云,15,10,43,1,西风,2级,优
2024-03-29 00:00:00,无锡,雾-晴,28,11,48,1,南风,2级,优
2024-03-30 00:00:00,无锡,雾-多云,31,12,62,2,无持续风向,1级,良
2024-03-31 00:00:00,无锡,雾-多云,21,12,74,2,东风,2级,良
2024-04-01 00:00:00,无锡,雾-多云,27,11,78,2,东南风,2级,良
2024-04-02 00:00:00,无锡,阴,21,16,29,1,东南风,2级,优
2024-04-03 00:00:00,无锡,雾-阴,20,11,31,1,西北风,3级,优
2024-04-04 00:00:00,无锡,多云,19,10,55,2,东北风,2级,良
2024-04-05 00:00:00,无锡,晴,19,8,49,1,东风,2级,优
2024-04-06 00:00:00,无锡,阴,17,11,47,1,东风,2级,优
2024-04-07 00:00:00,无锡,小雨-雾,14,12,42,1,东风,2级,优
2024-04-08 00:00:00,无锡,雨-多云,15,11,29,1,东风,2级,优
2024-04-09 00:00:00,无锡,雾-晴,24,9,63,2,东风,1级,良
2024-04-10 00:00:00,无锡,多云-晴,23,11,57,2,东南风,2级,良
2024-04-11 00:00:00,无锡,阴,24,14,54,2,东风,2级,良
2024-04-12 00:00:00,无锡,阴,18,16,39,1,东风,2级,优
2024-04-13 00:00:00,无锡,雾,19,15,31,1,东风,2级,优
2024-04-14 00:00:00,无锡,阴,23,16,29,1,东南风,2级,优
2024-04-15 00:00:00,无锡,雾-晴,27,18,56,2,无持续风向,1级,良
2024-04-16 00:00:00,无锡,雾-多云,25,18,70,2,东风,2级,良
2024-04-17 00:00:00,无锡,阴,18,12,30,1,东风,2级,优
2024-04-18 00:00:00,无锡,雾-晴,24,7,76,2,无持续风向,1级,良
2024-04-19 00:00:00,无锡,多云-阴,23,12,80,2,东南风,2级,良
2024-04-20 00:00:00,无锡,阴,22,16,42,1,西风,2级,优
2024-04-21 00:00:00,无锡,阴-多云,20,14,39,1,东北风,2级,优
2024-04-22 00:00:00,无锡,雾-多云,24,15,46,1,东风,2级,优
2024-04-23 00:00:00,无锡,雾-多云,23,15,41,1,东风,2级,优
2024-04-24 00:00:00,无锡,晴,26,11,58,2,无持续风向,1级,良
2024-04-25 00:00:00,无锡,晴-阴,26,15,48,1,东南风,2级,优
2024-04-26 00:00:00,无锡,多云,23,17,42,1,东风,2级,优
2024-04-27 00:00:00,无锡,雾-阴,22,17,39,1,东风,2级,优
2024-04-28 00:00:00,无锡,阴,20,17,39,1,东风,2级,优
2024-04-29 00:00:00,无锡,阴-晴,24,16,33,1,西北风,2级,优
2024-04-30 00:00:00,无锡,阴,16,12,38,1,东北风,2级,优
2024-05-01 00:00:00,无锡,多云-晴,22,10,44,1,西北风,2级,优
2024-05-02 00:00:00,无锡,多云,21,9,36,1,东风,2级,优
2024-05-03 00:00:00,无锡,阴-多云,22,12,39,1,东风,2级,优
2024-05-04 00:00:00,无锡,阴,19,16,38,1,东风,2级,优
2024-05-05 00:00:00,无锡,阴,20,17,30,1,西风,2级,优
2024-05-06 00:00:00,无锡,雾-多云,26,16,45,1,西风,2级,优
2024-05-07 00:00:00,无锡,雾-晴,27,16,82,2,东风,1级,良
2024-05-08 00:00:00,无锡,晴,24,14,48,1,东北风,2级,优
2024-05-09 00:00:00,无锡,晴-多云,25,11,35,1,东南风,2级,优
2024-05-10 00:00:00,无锡,晴,29,15,51,2,东南风,2级,良
2024-05-11 00:00:00,无锡,雨-阴,25,18,47,1,南风,1级,优
2024-05-12 00:00:00,无锡,多云,23,12,68,2,东北风,2级,良
2024-05-13 00:00:00,无锡,晴,27,11,80,2,无持续风向,2级,良
2024-05-14 00:00:00,无锡,晴,28,12,78,2,东南风,2级,良
2024-05-15 00:00:00,无锡,晴,24,11,52,2,无持续风向,1级,良
2024-05-16 00:00:00,无锡,晴,27,9,37,1,南风,2级,优
2024-05-17 00:00:00,无锡,晴,32,16,65,2,东南风,2级,良
2024-05-18 00:00:00,无锡,晴,32,19,63,2,东南风,2级,良
2024-05-19 00:00:00,无锡,多云,28,19,36,1,东风,2级,优
2024-05-20 00:00:00,无锡,多云,28,20,35,1,东风,2级,优
2024-05-21 00:00:00,无锡,多云,29,21,30,1,东风,2级,优
2024-05-22 00:00:00,无锡,多云,27,19,37,1,东风,2级,优
2024-05-23 00:00:00,无锡,雾-晴,30,19,51,2,东风,2级,良
2024-05-24 00:00:00,无锡,多云-晴,31,20,49,1,东风,2级,优
2024-05-25 00:00:00,无锡,多云,28,21,31,1,东风,2级,优
2024-05-26 00:00:00,无锡,多云,33,23,36,1,无持续风向,2级,优
2024-05-27 00:00:00,无锡,阴,23,19,33,1,东风,2级,优
2024-05-28 00:00:00,无锡,晴,27,15,36,1,东风,2级,优
2024-05-29 00:00:00,无锡,晴,27,14,38,1,东南风,2级,优
2024-05-30 00:00:00,无锡,多云-阴,24,19,34,1,东南风,2级,优
2024-05-31 00:00:00,无锡,阴,23,19,54,2,无持续风向,1级,良
2024-06-01 00:00:00,无锡,阴-多云,27,19,41,1,东风,1级,优
2024-06-02 00:00:00,无锡,多云,28,18,35,1,东风,2级,优
2024-06-03 00:00:00,无锡,多云-晴,31,18,54,2,无持续风向,2级,良
2024-06-04 00:00:00,无锡,阴-多云,28,19,55,2,东风,2级,良
2024-06-05 00:00:00,无锡,阴,23,18,45,1,东风,2级,优
2024-06-06 00:00:00,无锡,阴,24,18,38,1,东南风,2级,优
2024-06-07 00:00:00,无锡,雾-阴,25,18,31,1,东南风,1级,优
2024-06-08 00:00:00,无锡,多云,30,18,51,2,无持续风向,1级,良
2024-06-09 00:00:00,无锡,多云,30,23,57,2,南风,2级,良
2024-06-10 00:00:00,无锡,阴-多云,28,22,42,1,东南风,2级,优
2024-06-11 00:00:00,无锡,阴-雾,25,22,26,1,东南风,2级,优
2024-06-12 00:00:00,无锡,阴-多云,30,22,40,1,无持续风向,1级,优
2024-06-13 00:00:00,无锡,雾-多云,33,22,74,2,东风,2级,良
2024-06-14 00:00:00,无锡,雾-多云,33,23,67,2,东风,2级,良
2024-06-15 00:00:00,无锡,雾-晴,34,22,67,2,东风,2级,良
2024-06-16 00:00:00,无锡,雾-多云,32,22,53,2,东风,2级,良
2024-06-17 00:00:00,无锡,阴-多云,31,24,38,1,东风,2级,优
2024-06-18 00:00:00,无锡,晴,31,21,48,1,东南风,2级,优
2024-06-19 00:00:00,无锡,雨-阴,25,22,21,1,东南风,2级,优
2024-06-20 00:00:00,无锡,雾-多云,30,24,23,1,无持续风向,1级,优
2024-06-21 00:00:00,无锡,雾,27,24,33,1,南风,1级,优
2024-06-22 00:00:00,无锡,中雨-多云,29,24,26,1,西风,2级,优
2024-06-23 00:00:00,无锡,多云-雾,27,22,26,1,西南风,2级,优
2024-06-24 00:00:00,无锡,阴,31,21,27,1,西风,1级,优
2024-06-25 00:00:00,无锡,雾-阴,25,22,25,1,无持续风向,1级,优
2024-06-26 00:00:00,无锡,雾-阴,23,22,30,1,东风,2级,优
2024-06-27 00:00:00,无锡,阴,25,23,24,1,西风,1级,优
2024-06-28 00:00:00,无锡,阴,26,22,15,1,无持续风向,1级,优
2024-06-29 00:00:00,无锡,小雨-阴,29,24,19,1,西南风,2级,优
2024-06-30 00:00:00,无锡,小雨-阴,29,24,16,1,西南风,1级,优
2024-07-01 00:00:00,无锡,多云-阴,30,25,23,1,东南风,2级,优
2024-07-02 00:00:00,无锡,阴-晴,32,25,30,1,西风,2级,优
2024-07-03 00:00:00,无锡,阴-多云,34,23,26,1,无持续风向,1级,优
2024-07-04 00:00:00,无锡,晴-多云,37,26,34,1,无持续风向,1级,优
2024-07-05 00:00:00,无锡,晴,37,26,32,1,南风,2级,优
2024-07-06 00:00:00,无锡,多云-晴,35,28,36,1,西南风,2级,优
2024-07-07 00:00:00,无锡,晴-多云,38,26,28,1,西南风,1级,优
2024-07-08 00:00:00,无锡,多云-阴,37,30,32,1,南风,2级,优
2024-07-09 00:00:00,无锡,阴,36,31,32,1,西南风,2级,优
2024-07-10 00:00:00,无锡,雨-阴,32,26,26,1,西风,1级,优
2024-07-11 00:00:00,无锡,雨-阴,26,23,29,1,东风,1级,优
2024-07-12 00:00:00,无锡,雾-阴,28,23,28,1,无持续风向,1级,优
2024-07-13 00:00:00,无锡,阴-多云,32,25,21,1,西风,2级,优
2024-07-14 00:00:00,无锡,阴,29,25,17,1,西风,1级,优
2024-07-15 00:00:00,无锡,阴-多云,33,25,39,1,东南风,1级,优
2024-07-16 00:00:00,无锡,雾-多云,36,27,59,2,南风,2级,良
2024-07-17 00:00:00,无锡,多云-阴,35,30,37,1,南风,2级,优
2024-07-18 00:00:00,无锡,阴-多云,36,29,24,1,西南风,2级,优
2024-07-19 00:00:00,无锡,阴,38,28,30,1,南风,1级,优
2024-07-20 00:00:00,无锡,多云,37,29,37,1,南风,2级,优
2024-07-21 00:00:00,无锡,阴-晴,39,29,41,1,东南风,2级,优
2024-07-22 00:00:00,无锡,多云,39,30,41,1,东南风,2级,优
2024-07-23 00:00:00,无锡,晴-多云,38,30,41,1,东南风,2级,优
2024-07-24 00:00:00,无锡,晴,36,28,23,1,东南风,2级,优
2024-07-25 00:00:00,无锡,阴-多云,35,28,22,1,东风,3级,优
2024-07-26 00:00:00,无锡,阴,32,26,20,1,东风,3级,优
2024-07-27 00:00:00,无锡,阴-多云,34,28,19,1,东南风,3级,优
2024-07-28 00:00:00,无锡,阴-多云,36,29,22,1,东南风,3级,优
2024-07-29 00:00:00,无锡,晴,36,29,25,1,东南风,2级,优
2024-07-30 00:00:00,无锡,晴,36,29,28,1,东南风,2级,优
2024-07-31 00:00:00,无锡,晴-阴,38,29,31,1,南风,2级,优
