date,time,area,weather,max_temperature,min_temperature,aqi,aqiLevel,wind_direction,wind_power,aqiInfo,temperature,pH,oxygen,permanganate,NH,TP,TN,conductivity,turbidity,chla,density
2021-01-01,20210101,吴中,晴,5,-4,46,1,西风,2级,优,4.6,8.2,12.34,6.13,0.089,0.127,1.52,460.3,148.3,0.001,9183910.0
2021-01-02,20210102,吴中,晴-多云,7,-1,64,2,东北风,2级,良,4.8,8.07,11.42,5.08,0.061,0.027,1.12,427.8,87.9,0.001,1645330.0
2021-01-03,20210103,吴中,雾-多云,10,5,72,2,东风,3级,良,5.0,8.19,12.27,4.92,0.063,0.044,1.24,419.5,77.7,0.001,1643140.0
2021-01-04,20210104,吴中,阴-小雨,11,5,50,1,东风,3级,优,5.8,8.24,12.42,4.37,0.161,0.061,1.7,485.8,38.0,0.002,1013810.0
2021-01-05,20210105,吴中,阴,8,1,54,2,东北风,4级,良,6.1,8.25,12.4,4.29,0.155,0.045,1.74,469.4,27.0,0.002,840430.0
2021-01-06,20210106,吴中,阴,4,-6,50,1,北风,3级,优,6.3,8.24,12.29,5.03,0.148,0.075,1.76,477.2,65.2,0.002,1619920.0
2021-01-07,20210107,吴中,阴-多云,-4,-8,76,2,西北风,5级,良,6.0,8.18,12.08,4.63,0.095,0.068,1.31,433.3,99.4,0.001,2142190.0
2021-01-08,20210108,吴中,多云-晴,0,-7,48,1,西北风,4级,优,3.9,8.27,12.58,5.98,-1.0,-1.0,2.06,510.6,159.6,0.005,-1.0
2021-01-09,20210109,吴中,晴,4,-5,54,2,西北风,4级,良,2.8,8.26,13.02,6.13,0.104,0.025,1.95,510.7,141.7,0.003,1407170.0
2021-01-10,20210110,吴中,阴-多云,5,-3,66,2,西北风,2级,良,2.9,8.27,13.13,5.48,0.088,-1.0,1.52,474.8,83.7,0.004,-1.0
2021-01-11,20210111,吴中,阴-晴,6,-3,79,2,西北风,4级,良,3.3,8.36,13.27,5.3,0.075,0.005,2.33,508.9,48.1,0.009,-1.0
2021-01-12,20210112,吴中,晴,10,0,84,2,西南风,4级,良,3.5,8.3,13.16,5.91,0.128,0.018,2.15,475.5,77.2,0.005,845178.0
2021-01-13,20210113,吴中,晴,16,3,69,2,南风,3级,良,3.9,8.34,12.79,5.15,0.051,0.034,2.24,505.6,52.3,0.007,1896540.0
2021-01-14,20210114,吴中,多云-晴,17,4,92,2,东南风,微风,良,4.0,8.3,12.78,4.95,0.054,0.043,1.13,437.8,28.9,0.005,672276.0
2021-01-15,20210115,吴中,晴-多云,17,2,85,2,西北风,3级,良,5.1,8.32,12.93,4.56,0.064,0.046,1.36,454.8,26.6,0.004,897221.0
2021-01-16,20210116,吴中,阴,6,-1,73,2,东北风,4级,良,5.9,8.24,12.54,4.99,0.085,0.054,1.45,438.5,62.2,0.004,1129840.0
2021-01-17,20210117,吴中,晴,5,-2,57,2,北风,3级,良,5.8,8.26,12.29,5.32,0.068,0.053,1.54,454.4,-1.0,0.004,1351900.0
2021-01-18,20210118,吴中,晴,10,0,81,2,西南风,2级,良,5.8,8.25,12.12,5.23,0.278,0.05,2.46,464.0,48.1,0.003,825740.0
2021-01-19,20210119,吴中,晴,11,4,78,2,东南风,4级,良,6.0,8.26,12.09,4.92,0.306,0.045,2.14,437.3,31.5,0.002,407174.0
2021-01-20,20210120,吴中,多云-小雨,15,10,39,1,东南风,4级,优,6.6,8.21,11.94,5.54,0.301,0.099,2.27,438.7,73.1,0.002,1046580.0
2021-01-21,20210121,吴中,小雨-阴,16,9,50,1,北风,3级,优,7.7,-1.0,11.98,5.03,0.115,0.053,1.9,458.9,36.9,0.004,805998.0
2021-01-22,20210122,吴中,小雨,10,6,79,2,东北风,3级,良,8.5,-1.0,12.53,5.18,0.057,0.043,1.52,447.3,18.9,0.007,1278410.0
2021-01-23,20210123,吴中,小雨-多云,7,3,60,2,北风,3级,良,8.5,-1.0,11.77,4.75,0.047,0.038,1.14,431.9,15.8,0.005,801438.0
2021-01-24,20210124,吴中,阴-多云,11,4,122,3,东北风,2级,轻度,8.4,-1.0,11.6,4.88,0.086,0.04,1.4,435.4,21.0,0.005,856854.0
2021-01-25,20210125,吴中,阴-小雨,14,8,54,2,东南风,3级,良,8.6,-1.0,11.87,4.97,0.08,0.037,1.17,439.1,11.2,0.006,403102.0
2021-01-26,20210126,吴中,阴,7,5,58,2,西北风,3级,良,,,,,,,,,,,
2021-01-27,20210127,吴中,多云,10,5,71,2,东北风,2级,良,8.6,-1.0,11.18,5.65,0.217,0.081,2.28,456.9,-1.0,0.003,760113.0
2021-01-28,20210128,吴中,晴-多云,10,-3,98,2,西北风,4级,良,-1.0,-1.0,-1.0,4.92,0.244,0.052,1.92,-1.0,-1.0,-1.0,-1.0
2021-01-29,20210129,吴中,晴-多云,9,1,68,2,东南风,3级,良,-1.0,-1.0,-1.0,7.66,0.202,0.113,2.52,-1.0,-1.0,-1.0,-1.0
2021-01-30,20210130,吴中,晴-多云,15,8,65,2,东南风,3级,良,-1.0,-1.0,-1.0,4.35,0.216,0.097,2.61,-1.0,-1.0,-1.0,-1.0
2021-01-31,20210131,吴中,阴-小雨,14,9,64,2,东南风,2级,良,-1.0,-1.0,-1.0,3.74,0.061,0.04,1.36,-1.0,-1.0,-1.0,-1.0
2021-02-01,20210201,吴中,中雨-多云,9,4,65,2,西北风,2级,良,-1.0,-1.0,-1.0,3.43,0.049,0.036,1.3,-1.0,-1.0,-1.0,-1.0
2021-02-02,20210202,吴中,晴-多云,10,3,86,2,东北风,3级,良,-1.0,-1.0,-1.0,3.31,0.097,0.032,1.01,-1.0,-1.0,-1.0,-1.0
2021-02-03,20210203,吴中,晴,15,6,62,2,东南风,3级,良,-1.0,-1.0,-1.0,3.67,0.098,0.047,1.42,-1.0,-1.0,-1.0,-1.0
2021-02-04,20210204,吴中,晴-小雨,12,6,82,2,东北风,3级,良,10.33,8.37,11.231,3.68,0.044,0.0327,1.183,429.125,15.522,0.00473,1948920.0
2021-02-05,20210205,吴中,小雨-多云,10,6,56,2,东南风,2级,良,10.8,8.374,11.266,3.556,0.0257,0.047,1.358,432.328,34.191,0.00388,2670960.0
2021-02-06,20210206,吴中,多云-晴,16,7,59,2,西南风,2级,良,10.78,8.353,10.866,4.86,0.0604,0.0326,1.075,336.385,7.194,0.00332,1588840.0
2021-02-07,20210207,吴中,阴,20,5,55,2,东北风,2级,良,12.1,8.423,11.12,11.949,0.0614,0.0337,1.276,350.988,7.523,0.0033,1482820.0
2021-02-08,20210208,吴中,阴-多云,8,2,47,1,东北风,4级,优,,,,,,,,,,,
2021-02-09,20210209,吴中,多云,11,6,26,1,东南风,3级,优,,,,,,,,,,,
2021-02-10,20210210,吴中,阴,12,8,25,1,东南风,3级,优,,,,,,,,,,,
2021-02-11,20210211,吴中,中雨-小雨,9,8,29,1,东南风,3级,优,,,,,,,,,,,
2021-02-12,20210212,吴中,小雨-阴,12,9,42,1,东南风,3级,优,,,,,,,,,,,
2021-02-13,20210213,吴中,多云,17,9,44,1,东南风,微风,优,,,,,,,,,,,
2021-02-14,20210214,吴中,阴,19,9,46,1,西南风,3级,优,,,,,,,,,,,
2021-02-15,20210215,吴中,阴,12,4,66,2,东北风,3级,良,,,,,,,,,,,
2021-02-16,20210216,吴中,阴-多云,14,3,41,1,东北风,3级,优,,,,,,,,,,,
2021-02-17,20210217,吴中,晴,8,-2,49,1,东北风,3级,优,,,,,,,,,,,
2021-02-18,20210218,吴中,晴,10,2,39,1,西北风,微风,优,,,,,,,,,,,
2021-02-19,20210219,吴中,多云-晴,18,9,45,1,南风,3级,优,,,,,,,,,,,
2021-02-20,20210220,吴中,晴,24,11,37,1,西南风,3级,优,,,,,,,,,,,
2021-02-21,20210221,吴中,晴,26,13,34,1,南风,3级,优,,,,,,,,,,,
2021-02-22,20210222,吴中,阴-多云,25,7,58,2,东北风,3级,良,,,,,,,,,,,
2021-02-23,20210223,吴中,多云,13,6,39,1,东北风,微风,优,,,,,,,,,,,
2021-02-24,20210224,吴中,晴-阴,17,10,35,1,东南风,4级,优,,,,,,,,,,,
2021-02-25,20210225,吴中,中雨,14,8,37,1,东南风,4级,优,,,,,,,,,,,
2021-02-26,20210226,吴中,小雨-阴,10,8,29,1,东北风,4级,优,,,,,,,,,,,
2021-02-27,20210227,吴中,小雨,12,10,30,1,东北风,3级,优,,,,,,,,,,,
2021-02-28,20210228,吴中,阴-小雨,13,10,22,1,东南风,3级,优,,,,,,,,,,,
2021-03-01,20210301,吴中,中雨-小雨,12,4,30,1,西北风,4级,优,,,,,,,,,,,
2021-03-02,20210302,吴中,多云,10,5,43,1,北风,3级,优,,,,,,,,,,,
2021-03-03,20210303,吴中,阴-小雨,10,8,47,1,东南风,3级,优,,,,,,,,,,,
2021-03-04,20210304,吴中,阴-多云,15,6,40,1,西南风,2级,优,,,,,,,,,,,
2021-03-05,20210305,吴中,多云-小雨,11,8,61,2,东南风,3级,良,,,,,,,,,,,
2021-03-06,20210306,吴中,小雨,10,6,37,1,东北风,4级,优,12.85,8.099,10.715,3.318,0.0357,0.0393,0.943,433.455,16.969,0.00372,1246980.0
2021-03-07,20210307,吴中,小雨-阴,8,5,34,1,北风,3级,优,12.2,8.057,10.726,4.531,0.0539,0.0984,0.497,506.788,65.958,0.00384,2273840.0
2021-03-08,20210308,吴中,雾-小雨,12,7,45,1,东风,微风,优,11.53,8.109,10.927,3.72,0.0391,0.0542,0.289,427.268,37.874,0.00382,1815770.0
2021-03-09,20210309,吴中,小雨-阴,10,5,39,1,东风,2级,优,11.72,8.117,10.944,3.489,0.0452,0.0526,0.695,446.608,32.934,0.00327,1696880.0
2021-03-10,20210310,吴中,晴-小雨,16,9,52,2,东南风,3级,良,11.86,8.174,10.883,3.072,0.0483,0.0427,1.547,483.46,12.949,0.00293,1638990.0
2021-03-11,20210311,吴中,小雨-阴,11,9,46,1,东南风,3级,优,13.07,8.149,10.897,3.009,0.041,0.0653,1.122,500.005,31.958,0.00235,1555320.0
2021-03-12,20210312,吴中,阴-多云,13,6,45,1,西北风,3级,优,12.63,8.107,10.733,3.328,0.053,0.067,1.08,495.494,35.796,0.00303,1808010.0
2021-03-13,20210313,吴中,阴-多云,16,7,63,2,东风,2级,良,13.18,8.168,10.607,3.252,0.0498,0.0523,1.283,482.052,19.283,0.0033,1022580.0
2021-03-14,20210314,吴中,晴-多云,18,10,76,2,东南风,3级,良,13.77,8.11,10.732,3.18,0.0486,0.0515,1.455,486.537,19.297,0.00267,557613.0
2021-03-15,20210315,吴中,小雨-中雨,23,11,64,2,东南风,3级,良,14.63,8.225,10.848,3.456,0.025,0.0577,1.096,494.934,40.923,0.00427,1344780.0
2021-03-16,20210316,吴中,阴-小雨,13,9,71,2,东北风,3级,良,15.35,8.352,10.661,2.826,0.025,0.0335,1.047,444.004,12.722,0.00905,2019560.0
2021-03-17,20210317,吴中,小雨,11,10,67,2,东风,3级,良,15.3,8.231,10.079,3.34,0.025,0.0467,0.545,429.176,32.296,0.00612,1581980.0
2021-03-18,20210318,吴中,阴-小雨,14,11,53,2,东风,2级,良,14.49,8.231,10.372,3.142,0.025,0.0372,1.456,482.49,14.578,0.00683,954655.0
2021-03-19,20210319,吴中,小雨,12,11,59,2,东北风,微风,良,14.53,8.235,9.964,3.102,0.025,0.0333,1.202,482.969,21.641,0.01205,1167320.0
2021-03-20,20210320,吴中,小雨-阴,10,7,53,2,西北风,4级,良,14.52,8.179,9.623,3.153,0.025,0.0339,1.422,465.274,14.208,0.01594,1936450.0
2021-03-21,20210321,吴中,多云,14,4,93,2,西北风,微风,良,14.03,8.163,9.651,4.071,0.025,0.0599,0.788,463.999,47.986,0.01322,1873080.0
2021-03-22,20210322,吴中,晴,14,6,50,1,西北风,2级,优,13.89,8.184,9.795,4.162,0.025,0.0705,0.679,470.681,61.448,0.01159,2553220.0
2021-03-23,20210323,吴中,晴-阴,19,11,66,2,东南风,3级,良,14.28,8.224,10.068,3.268,0.025,0.0509,1.004,474.49,33.405,0.01224,1156560.0
2021-03-24,20210324,吴中,多云-晴,20,10,62,2,西南风,2级,良,15.8,8.102,9.343,12.789,0.0391,0.0406,0.479,,20.15,0.01447,1681350.0
2021-03-25,20210325,吴中,晴,22,11,84,2,东南风,2级,良,16.17,8.379,10.469,10.709,0.025,0.0413,1.219,,15.196,0.02017,1773460.0
2021-03-26,20210326,吴中,晴-小雨,22,16,66,2,东南风,4级,良,16.6,8.28,10.137,12.4,0.025,0.053,1.124,,24.747,0.0148,1685330.0
2021-03-27,20210327,吴中,小雨-多云,19,13,59,2,西南风,3级,良,17.68,8.195,9.225,19.735,0.025,0.0979,,,63.36,0.01449,2624120.0
2021-03-28,20210328,吴中,晴,23,13,78,2,西风,2级,良,17.8,8.231,8.871,3.313,0.025,0.0426,1.441,454.369,31.93,0.01084,1826690.0
2021-03-29,20210329,吴中,多云-雷阵雨,26,16,126,3,东南风,3级,轻度,,,,,,,,,,,
2021-03-30,20210330,吴中,扬沙-小雨,19,14,185,4,东北风,3级,中度,19.9,8.289,8.963,3.162,0.025,0.0458,1.619,461.045,31.492,0.01319,2325740.0
2021-03-31,20210331,吴中,小雨-雷阵雨,16,14,137,3,东风,4级,轻度,19.17,8.281,8.668,3.6,0.025,0.0632,2.136,510.07,44.416,0.01101,2707680.0
2021-04-01,20210401,吴中,小雨,16,14,61,2,东北风,2级,良,18.4,8.205,8.485,3.664,0.025,0.0785,2.131,506.48,62.895,0.01004,3234640.0
2021-04-02,20210402,吴中,小雨,19,14,100,2,西北风,3级,良,18.3,8.21,8.488,3.186,0.0262,0.0413,1.86,499.245,15.761,0.00601,1734740.0
2021-04-03,20210403,吴中,阴-阵雨,15,10,67,2,西北风,4级,良,18.75,8.125,9.304,11.649,0.025,0.0418,2.058,487.602,16.513,0.0052,1561050.0
2021-04-04,20210404,吴中,晴,17,7,48,1,北风,4级,优,17.8,8.098,9.327,3.147,0.025,0.0936,2.085,481.276,72.804,0.00871,3216200.0
2021-04-05,20210405,吴中,晴-多云,18,10,39,1,东北风,2级,优,17.38,8.12,9.523,2.94,0.0296,0.0777,1.844,456.663,53.115,0.00811,2601820.0
2021-04-06,20210406,吴中,多云,20,10,47,1,东风,2级,优,17.61,8.148,9.614,2.382,0.0434,0.0451,1.856,498.982,24.768,0.00731,1315500.0
2021-04-07,20210407,吴中,阴-小雨,18,12,36,1,东南风,3级,优,18.14,8.209,9.927,2.428,0.025,0.0448,2.022,511.66,21.117,0.0101,1921200.0
2021-04-08,20210408,吴中,多云-晴,18,7,54,2,东北风,微风,良,17.44,8.225,9.903,2.922,0.025,0.0422,2.156,519.015,17.249,0.01049,2035420.0
2021-04-09,20210409,吴中,晴,19,9,54,2,东北风,2级,良,17.96,8.273,10.054,2.545,0.025,0.0404,2.044,512.279,17.533,0.00914,2453000.0
2021-04-10,20210410,吴中,阴-多云,20,14,50,1,东南风,3级,优,18.13,8.386,10.298,2.711,0.025,0.0394,1.788,490.921,15.556,0.01125,2037280.0
2021-04-11,20210411,吴中,小雨-雷阵雨,17,15,48,1,东南风,3级,优,,,,,,,,,,,
2021-04-12,20210412,吴中,小雨-阴,17,14,69,2,西北风,3级,良,,,,,,,,,,,
2021-04-13,20210413,吴中,阴-多云,20,11,104,3,东北风,3级,轻度,18.12,8.165,9.078,2.439,0.0256,0.0375,1.384,497.871,12.199,0.0144,1409530.0
2021-04-14,20210414,吴中,阴,14,10,41,1,东风,3级,优,18.65,8.174,9.251,2.631,0.025,0.0481,1.728,497.084,28.3,0.01387,1912450.0
2021-04-15,20210415,吴中,阴-多云,17,11,36,1,东南风,4级,优,17.62,8.227,9.358,2.703,0.025,0.0449,1.768,486.885,52.381,0.01578,2352610.0
2021-04-16,20210416,吴中,阴-多云,24,13,112,3,南风,2级,轻度,17.68,8.272,9.582,2.798,0.025,0.0436,1.776,501.738,23.022,0.02067,2047090.0
2021-04-17,20210417,吴中,多云,20,8,185,4,西北风,3级,中度,18.66,8.377,9.992,2.693,0.025,0.0328,1.374,500.331,9.172,0.02746,2070720.0
2021-04-18,20210418,吴中,阴-晴,19,11,59,2,东南风,3级,良,19.19,8.344,9.71,2.505,0.025,0.0316,1.72,503.145,9.181,0.02147,2149180.0
2021-04-19,20210419,吴中,晴,22,12,67,2,东南风,3级,良,18.97,8.329,9.645,2.566,0.025,0.0354,1.685,455.443,18.142,0.01026,2372570.0
2021-04-20,20210420,吴中,多云-阴,23,14,48,1,东南风,4级,优,19.63,8.217,9.15,2.575,0.025,0.0293,1.481,435.571,14.572,0.0034,1771160.0
2021-04-21,20210421,吴中,阴-多云,24,17,49,1,东南风,微风,优,19.61,8.319,9.189,3.106,0.025,0.0594,1.544,446.916,42.513,0.00635,3405600.0
2021-04-22,20210422,吴中,中雨-阴,22,19,54,2,东南风,3级,良,20.36,8.199,8.813,2.998,0.025,0.0737,1.577,462.017,59.647,0.0065,2947880.0
2021-04-23,20210423,吴中,阴-阵雨,21,18,116,3,西北风,3级,轻度,20.36,8.3,9.036,2.846,0.025,0.034,1.45,431.87,27.673,,2695580.0
2021-04-24,20210424,吴中,小雨,20,17,43,1,东北风,3级,优,20.71,8.172,8.604,2.716,0.025,0.0351,1.462,431.28,29.779,,2512860.0
2021-04-25,20210425,吴中,阴-阵雨,23,15,48,1,东北风,微风,优,21.2,8.186,8.684,2.371,0.025,0.0334,1.442,428.592,22.755,0.00124,2082090.0
2021-04-26,20210426,吴中,多云-阵雨,24,17,48,1,东南风,3级,优,21.6,8.241,8.994,2.42,0.025,0.0272,1.169,438.942,9.41,0.00533,3563540.0
2021-04-27,20210427,吴中,中雨-阴,18,16,50,1,东南风,2级,优,22.28,8.5,9.42,2.832,0.025,0.0374,1.738,492.762,21.692,0.00399,3912950.0
2021-04-28,20210428,吴中,阴-多云,23,16,68,2,西北风,2级,良,21.91,8.314,8.549,,0.025,0.024,1.379,494.164,5.972,0.00329,4153770.0
2021-04-29,20210429,吴中,晴-多云,23,17,75,2,西南风,3级,良,22.29,8.366,9.051,2.703,0.025,0.0272,1.437,500.959,8.694,0.00315,5082670.0
2021-04-30,20210430,吴中,晴-雷阵雨,31,18,63,2,西南风,3级,良,22.95,8.296,8.646,2.75,0.025,0.0286,1.503,451.169,12.098,0.00357,2445610.0
2021-05-01,20210501,吴中,多云-晴,25,16,50,1,西北风,3级,优,24.03,8.213,8.376,2.761,0.025,0.0396,1.447,424.392,29.409,0.00498,3705670.0
2021-05-02,20210502,吴中,晴,22,14,44,1,东北风,4级,优,23.98,8.3,8.471,3.107,0.025,0.032,1.557,428.167,23.858,0.0038,3928790.0
2021-05-03,20210503,吴中,多云-中雨,25,21,53,2,东南风,微风,良,22.74,8.298,8.372,3.162,0.025,0.0632,1.54,432.699,65.771,0.00393,4942080.0
2021-05-04,20210504,吴中,小雨-阴,22,16,36,1,西南风,4级,优,22.96,8.256,8.308,3.888,0.025,0.0619,1.673,434.643,67.156,0.00434,8189460.0
2021-05-05,20210505,吴中,多云,26,15,82,2,南风,2级,良,22.03,8.222,8.172,3.414,0.025,0.0717,1.6,429.213,76.669,0.00477,8457070.0
2021-05-06,20210506,吴中,阴-小雨,25,19,52,2,东南风,微风,良,22.47,8.324,8.223,2.823,0.025,0.0799,1.533,426.828,82.306,0.0044,5503140.0
2021-05-07,20210507,吴中,阴-多云,27,18,79,2,西北风,3级,良,21.96,8.296,8.209,3.039,0.025,0.0424,1.621,426.129,43.025,0.00352,6028870.0
2021-05-08,20210508,吴中,阴-晴,30,20,164,4,南风,2级,中度,23.29,8.517,9.001,2.566,0.025,0.067,1.654,424.844,78.832,0.0047,10800000.0
2021-05-09,20210509,吴中,晴,33,21,88,2,东南风,2级,良,25.52,8.913,11.308,2.821,0.029,0.0263,0.842,422.679,41.305,0.00496,7476520.0
2021-05-10,20210510,吴中,晴-雷阵雨,35,22,71,2,东南风,微风,良,25.07,8.6,9.273,2.6,0.025,0.0281,1.347,468.217,31.563,0.00423,4124500.0
2021-05-11,20210511,吴中,小雨-阵雨,22,20,58,2,北风,2级,良,26.35,8.596,8.705,2.065,0.025,0.0363,1.228,446.506,27.779,0.00411,5705650.0
2021-05-12,20210512,吴中,小雨-阵雨,22,19,43,1,东北风,2级,优,25.91,8.407,7.953,2.485,0.0288,0.0334,1.208,456.094,26.295,0.00319,5408360.0
2021-05-13,20210513,吴中,阴-中雨,23,21,40,1,东南风,3级,优,25.33,8.326,7.898,3.048,0.0293,0.0355,1.291,458.217,27.568,0.00233,7110460.0
2021-05-14,20210514,吴中,小雨-阴,28,25,49,1,东南风,3级,优,24.7,8.403,8.59,2.987,0.025,0.0368,1.399,477.084,49.279,0.00251,12000000.0
2021-05-15,20210515,吴中,阴-雷阵雨,33,22,45,1,南风,3级,优,25.73,8.533,8.944,3.185,0.025,0.0428,1.22,476.581,42.994,0.00197,18200000.0
2021-05-16,20210516,吴中,小雨-阵雨,27,17,28,1,西北风,4级,优,27.12,8.468,8.604,3.052,0.025,0.0304,1.135,469.974,33.211,0.00235,12100000.0
2021-05-17,20210517,吴中,阴,24,17,46,1,西北风,3级,优,25.74,8.292,7.821,3.837,0.025,0.0955,1.253,457.212,114.982,0.00445,7702170.0
2021-05-18,20210518,吴中,阴,23,18,50,1,东南风,2级,优,25.25,8.313,8.179,2.884,0.025,0.055,1.302,453.788,73.291,0.00422,7541160.0
2021-05-19,20210519,吴中,小雨-阵雨,22,19,31,1,东南风,4级,优,,,,,,,,,,,
2021-05-20,20210520,吴中,阴,19,17,32,1,西北风,3级,优,,,,,,,,,,,
2021-05-21,20210521,吴中,多云,26,18,74,2,东南风,3级,良,,,,,,,,,,,
2021-05-22,20210522,吴中,多云-阵雨,26,19,54,2,东南风,4级,良,23.83,8.49,8.974,3.049,0.025,0.066,1.274,457.35,73.919,,8310060.0
2021-05-23,20210523,吴中,大雨-阵雨,19,18,31,1,东风,3级,优,24.36,8.792,9.122,3.782,0.025,0.0716,0.823,490.041,80.744,0.00199,9178500.0
2021-05-24,20210524,吴中,多云,27,20,71,2,西北风,微风,良,23.64,8.635,8.616,3.782,0.025,0.0434,1.017,490.092,40.218,,9658440.0
2021-05-25,20210525,吴中,多云-雷阵雨,30,19,94,2,南风,2级,良,24.89,8.896,8.521,4.324,0.025,0.0384,1.171,480.812,41.973,0.00249,19900000.0
2021-05-26,20210526,吴中,大雨-阵雨,22,20,62,2,东北风,3级,良,25.19,8.874,8.46,3.252,0.025,0.03,0.663,480.77,29.763,0.00255,7770150.0
2021-05-27,20210527,吴中,多云,27,22,39,1,西风,3级,优,24.34,8.661,7.256,3.961,0.025,0.0545,0.878,469.767,65.111,0.00265,18500000.0
2021-05-28,20210528,吴中,阴-多云,27,20,56,2,西南风,3级,良,,,,,,,,,,,
2021-05-29,20210529,吴中,阴-多云,30,21,61,2,东南风,3级,良,,,,,,,,,,,
2021-05-30,20210530,吴中,晴,32,22,81,2,东南风,2级,良,,,,,,,,,,,
2021-05-31,20210531,吴中,多云,29,21,65,2,东南风,4级,良,,,,,,,,,,,
2021-06-01,20210601,吴中,阵雨-雷阵雨,28,21,34,1,东南风,5级,优,,,,,,,,,,,
2021-06-02,20210602,吴中,阵雨-雷阵雨,23,20,27,1,东南风,4级,优,,,,,,,,,,,
2021-06-03,20210603,吴中,阴-雷阵雨,27,20,59,2,西北风,3级,良,,,,,,,,,,,
2021-06-04,20210604,吴中,阴-多云,26,20,41,1,西南风,3级,优,,,,,,,,,,,
2021-06-05,20210605,吴中,多云-晴,31,20,67,2,南风,3级,良,,,,,,,,,,,
2021-06-06,20210606,吴中,晴,34,19,95,2,东南风,3级,良,,,,,,,,,,,
2021-06-07,20210607,吴中,阴-多云,33,20,68,2,东南风,3级,良,,,,,,,,,,,
2021-06-08,20210608,吴中,阴-多云,30,24,50,1,东南风,3级,优,,,,,,,,,,,
2021-06-09,20210609,吴中,阴-雷阵雨,30,24,45,1,东南风,3级,优,,,,,,,,,,,
2021-06-10,20210610,吴中,阴,29,24,32,1,东南风,3级,优,,,,,,,,,,,
2021-06-11,20210611,吴中,多云,31,25,57,2,东南风,2级,良,,,,,,,,,,,
2021-06-12,20210612,吴中,多云-小雨,32,25,40,1,东南风,3级,优,,,,,,,,,,,
2021-06-13,20210613,吴中,小雨,28,24,32,1,西南风,2级,优,,,,,,,,,,,
2021-06-14,20210614,吴中,阴-雷阵雨,30,25,45,1,东南风,3级,优,,,,,,,,,,,
2021-06-15,20210615,吴中,阴-小雨,33,24,43,1,西南风,3级,优,,,,,,,,,,,
2021-06-16,20210616,吴中,阴-雷阵雨,29,24,40,1,北风,2级,优,,,,,,,,,,,
2021-06-17,20210617,吴中,暴雨-雷阵雨,27,24,44,1,东南风,2级,优,,,,,,,,,,,
2021-06-18,20210618,吴中,中雨-雷阵雨,27,20,63,2,西北风,3级,良,,,,,,,,,,,
2021-06-19,20210619,吴中,阴-阵雨,21,20,25,1,东风,2级,优,,,,,,,,,,,
2021-06-20,20210620,吴中,阴,27,20,41,1,东南风,2级,优,,,,,,,,,,,
2021-06-21,20210621,吴中,多云,30,22,68,2,东南风,2级,良,,,,,,,,,,,
2021-06-22,20210622,吴中,多云-晴,32,21,67,2,东南风,3级,良,,,,,,,,,,,
2021-06-23,20210623,吴中,晴-多云,33,23,63,2,东南风,3级,良,,,,,,,,,,,
2021-06-24,20210624,吴中,多云,33,23,67,2,东南风,3级,良,,,,,,,,,,,
2021-06-25,20210625,吴中,多云-小雨,31,24,51,2,东南风,4级,良,,,,,,,,,,,
2021-06-26,20210626,吴中,小雨,28,25,28,1,东南风,3级,优,,,,,,,,,,,
2021-06-27,20210627,吴中,阴-雷阵雨,27,24,33,1,东南风,2级,优,,,,,,,,,,,
2021-06-28,20210628,吴中,阴-多云,30,23,37,1,东风,3级,优,,,,,,,,,,,
2021-06-29,20210629,吴中,多云,31,24,37,1,东南风,3级,优,,,,,,,,,,,
2021-06-30,20210630,吴中,阴-多云,30,24,34,1,东南风,3级,优,,,,,,,,,,,
2021-07-01,20210701,吴中,阴-中雨,32,25,35,1,东南风,3级,优,,,,,,,,,,,
2021-07-02,20210702,吴中,小雨,28,27,29,1,东南风,3级,优,,,,,,,,,,,
2021-07-03,20210703,吴中,阴-中雨,31,24,35,1,西南风,3级,优,,,,,,,,,,,
2021-07-04,20210704,吴中,中雨-雷阵雨,27,24,45,1,东风,2级,优,,,,,,,,,,,
2021-07-05,20210705,吴中,阴-多云,35,28,68,2,东南风,2级,良,,,,,,,,,,,
2021-07-06,20210706,吴中,阴-多云,38,27,37,1,东南风,3级,优,,,,,,,,,,,
2021-07-07,20210707,吴中,多云-雷阵雨,35,27,40,1,西南风,2级,优,,,,,,,,,,,
2021-07-08,20210708,吴中,中雨-小雨,32,27,39,1,西南风,3级,优,,,,,,,,,,,
2021-07-09,20210709,吴中,阴-雷阵雨,33,27,38,1,西南风,3级,优,,,,,,,,,,,
2021-07-10,20210710,吴中,阴-多云,35,28,47,1,南风,4级,优,,,,,,,,,,,
2021-07-11,20210711,吴中,阴-多云,36,28,62,2,东南风,3级,良,,,,,,,,,,,
2021-07-12,20210712,吴中,阴-晴,37,30,65,2,东南风,3级,良,,,,,,,,,,,
2021-07-13,20210713,吴中,阴-多云,36,28,58,2,东南风,3级,良,,,,,,,,,,,
2021-07-14,20210714,吴中,阴-多云,37,28,59,2,东南风,3级,良,,,,,,,,,,,
2021-07-15,20210715,吴中,晴-多云,36,28,51,2,东南风,3级,良,,,,,,,,,,,
2021-07-16,20210716,吴中,阴-多云,33,27,31,1,东南风,4级,优,,,,,,,,,,,
2021-07-17,20210717,吴中,阴-多云,33,26,29,1,东南风,4级,优,,,,,,,,,,,
2021-07-18,20210718,吴中,多云,33,27,32,1,东南风,4级,优,,,,,,,,,,,
2021-07-19,20210719,吴中,阴-多云,33,27,29,1,东南风,4级,优,,,,,,,,,,,
2021-07-20,20210720,吴中,阴-多云,33,26,26,1,东南风,4级,优,,,,,,,,,,,
2021-07-21,20210721,吴中,多云,33,27,28,1,东南风,4级,优,,,,,,,,,,,
2021-07-22,20210722,吴中,多云,32,27,31,1,东风,4级,优,,,,,,,,,,,
2021-07-23,20210723,吴中,阴-雷阵雨,32,27,25,1,东北风,4级,优,,,,,,,,,,,
2021-07-24,20210724,吴中,小雨-中雨,29,26,26,1,东北风,5级,优,,,,,,,,,,,
2021-07-25,20210725,吴中,大雨-暴雨,27,26,18,1,东北风,7级,优,,,,,,,,,,,
2021-07-26,20210726,吴中,中雨-大雨,26,25,21,1,东北风,6级,优,,,,,,,,,,,
2021-07-27,20210727,吴中,小雨-大雨,27,25,21,1,东南风,5级,优,,,,,,,,,,,
2021-07-28,20210728,吴中,阴-多云,31,27,33,1,东南风,5级,优,,,,,,,,,,,
2021-07-29,20210729,吴中,多云,33,27,35,1,西南风,3级,优,,,,,,,,,,,
2021-07-30,20210730,吴中,阴-雷阵雨,35,27,33,1,西北风,2级,优,,,,,,,,,,,
2021-07-31,20210731,吴中,阴-雷阵雨,31,27,43,1,东南风,2级,优,,,,,,,,,,,
2021-08-01,20210801,吴中,阴,31,26,43,1,东南风,2级,优,,,,,,,,,,,
2021-08-02,20210802,吴中,阴-小雨,33,27,31,1,东北风,3级,优,,,,,,,,,,,
2021-08-03,20210803,吴中,阴-多云,32,27,20,1,东风,4级,优,,,,,,,,,,,
2021-08-04,20210804,吴中,阴-多云,33,26,26,1,东南风,4级,优,,,,,,,,,,,
2021-08-05,20210805,吴中,阴-多云,32,27,22,1,东南风,4级,优,,,,,,,,,,,
2021-08-06,20210806,吴中,多云,33,25,23,1,东南风,4级,优,,,,,,,,,,,
2021-08-07,20210807,吴中,多云,33,26,27,1,东北风,3级,优,,,,,,,,,,,
2021-08-08,20210808,吴中,多云,32,25,32,1,东北风,3级,优,,,,,,,,,,,
2021-08-09,20210809,吴中,多云,33,27,66,2,东南风,2级,良,,,,,,,,,,,
2021-08-10,20210810,吴中,阴-阵雨,33,26,41,1,东南风,2级,优,,,,,,,,,,,
2021-08-11,20210811,吴中,大雨,28,26,30,1,东南风,2级,优,,,,,,,,,,,
2021-08-12,20210812,吴中,中雨-小雨,28,25,29,1,东北风,3级,优,,,,,,,,,,,
2021-08-13,20210813,吴中,阴-中雨,29,25,26,1,东北风,3级,优,,,,,,,,,,,
2021-08-14,20210814,吴中,阴-大雨,25,24,24,1,东北风,3级,优,,,,,,,,,,,
2021-08-15,20210815,吴中,大雨-中雨,24,23,24,1,东风,3级,优,,,,,,,,,,,
2021-08-16,20210816,吴中,阴-雷阵雨,27,24,24,1,西北风,2级,优,,,,,,,,,,,
2021-08-17,20210817,吴中,阴-多云,30,23,32,1,东北风,3级,优,,,,,,,,,,,
2021-08-18,20210818,吴中,多云,31,24,40,1,东南风,1级,优,,,,,,,,,,,
2021-08-19,20210819,吴中,阴-多云,32,25,52,2,东南风,3级,良,,,,,,,,,,,
2021-08-20,20210820,吴中,阴-中雨,32,26,51,2,东南风,3级,良,,,,,,,,,,,
2021-08-21,20210821,吴中,阴-多云,31,26,37,1,西北风,3级,优,,,,,,,,,,,
2021-08-22,20210822,吴中,阴-多云,32,27,45,1,东南风,2级,优,,,,,,,,,,,
2021-08-23,20210823,吴中,阴-雷阵雨,35,27,33,1,东南风,3级,优,,,,,,,,,,,
2021-08-24,20210824,吴中,阴-大雨,32,25,31,1,西北风,3级,优,,,,,,,,,,,
2021-08-25,20210825,吴中,多云,30,25,37,1,西北风,2级,优,,,,,,,,,,,
2021-08-26,20210826,吴中,阴-阵雨,35,27,65,2,东南风,1级,良,,,,,,,,,,,
2021-08-27,20210827,吴中,阴-雷阵雨,30,26,40,1,西北风,3级,优,,,,,,,,,,,
2021-08-28,20210828,吴中,多云,33,26,52,2,东北风,2级,良,,,,,,,,,,,
2021-08-29,20210829,吴中,阴-多云,34,26,52,2,东北风,2级,良,,,,,,,,,,,
2021-08-30,20210830,吴中,多云,35,28,48,1,东南风,3级,优,,,,,,,,,,,
2021-08-31,20210831,吴中,多云,35,27,47,1,东南风,3级,优,,,,,,,,,,,
2021-09-01,20210901,吴中,多云-雷阵雨,35,27,47,1,东北风,2级,优,,,,,,,,,,,
2021-09-02,20210902,吴中,雾-阵雨,31,25,41,1,西北风,2级,优,,,,,,,,,,,
2021-09-03,20210903,吴中,多云,30,25,37,1,东北风,3级,优,,,,,,,,,,,
2021-09-04,20210904,吴中,多云,31,27,28,1,东南风,4级,优,,,,,,,,,,,
2021-09-05,20210905,吴中,多云,33,26,42,1,南风,3级,优,,,,,,,,,,,
2021-09-06,20210906,吴中,多云,29,26,53,2,西北风,3级,良,,,,,,,,,,,
2021-09-07,20210907,吴中,多云,29,23,37,1,西北风,4级,优,,,,,,,,,,,
2021-09-08,20210908,吴中,多云-雷阵雨,26,24,28,1,东南风,2级,优,,,,,,,,,,,
2021-09-09,20210909,吴中,多云-雷阵雨,31,25,36,1,东南风,2级,优,,,,,,,,,,,
2021-09-10,20210910,吴中,多云,32,26,37,1,东北风,2级,优,,,,,,,,,,,
2021-09-11,20210911,吴中,雾-雷阵雨,32,25,27,1,东风,3级,优,,,,,,,,,,,
2021-09-12,20210912,吴中,多云-中雨,28,24,19,1,东北风,4级,优,,,,,,,,,,,
2021-09-13,20210913,吴中,雾-暴雨,26,24,11,1,北风,5级,优,,,,,,,,,,,
2021-09-14,20210914,吴中,雾-阵雨,26,24,25,1,西北风,5级,优,,,,,,,,,,,
2021-09-15,20210915,吴中,多云-阴,27,23,38,1,西北风,4级,优,,,,,,,,,,,
2021-09-16,20210916,吴中,多云,28,21,29,1,北风,3级,优,,,,,,,,,,,
2021-09-17,20210917,吴中,多云,29,21,40,1,西北风,2级,优,,,,,,,,,,,
2021-09-18,20210918,吴中,多云,29,21,48,1,东南风,2级,优,,,,,,,,,,,
2021-09-19,20210919,吴中,多云,31,26,52,2,东南风,4级,良,,,,,,,,,,,
2021-09-20,20210920,吴中,多云,30,21,37,1,西风,4级,优,,,,,,,,,,,
2021-09-21,20210921,吴中,晴-多云,31,22,38,1,西南风,2级,优,,,,,,,,,,,
2021-09-22,20210922,吴中,晴,34,22,48,1,南风,2级,优,,,,,,,,,,,
2021-09-23,20210923,吴中,多云,35,23,65,2,东南风,3级,良,,,,,,,,,,,
2021-09-24,20210924,吴中,雾-多云,31,23,41,1,东南风,4级,优,,,,,,,,,,,
2021-09-25,20210925,吴中,雾-晴,29,22,33,1,东南风,4级,优,,,,,,,,,,,
2021-09-26,20210926,吴中,晴,31,23,32,1,东南风,4级,优,,,,,,,,,,,
2021-09-27,20210927,吴中,雾-多云,33,23,47,1,东南风,2级,优,,,,,,,,,,,
2021-09-28,20210928,吴中,多云,33,24,80,2,东南风,2级,良,,,,,,,,,,,
2021-09-29,20210929,吴中,阴,30,21,41,1,西北风,4级,优,,,,,,,,,,,
2021-09-30,20210930,吴中,晴-多云,29,20,28,1,北风,3级,优,,,,,,,,,,,
2021-10-01,20211001,吴中,多云,31,22,40,1,东南风,2级,优,,,,,,,,,,,
2021-10-02,20211002,吴中,多云-晴,32,23,53,2,东南风,3级,良,,,,,,,,,,,
2021-10-03,20211003,吴中,晴,32,23,36,1,东南风,4级,优,,,,,,,,,,,
2021-10-04,20211004,吴中,晴,32,24,35,1,东南风,4级,优,,,,,,,,,,,
2021-10-05,20211005,吴中,晴-多云,31,24,38,1,东南风,4级,优,,,,,,,,,,,
2021-10-06,20211006,吴中,多云,31,25,31,1,东南风,3级,优,,,,,,,,,,,
2021-10-07,20211007,吴中,阴-阵雨,30,25,23,1,西北风,2级,优,,,,,,,,,,,
2021-10-08,20211008,吴中,多云,30,24,37,1,东北风,2级,优,,,,,,,,,,,
2021-10-09,20211009,吴中,多云,31,23,24,1,东南风,3级,优,,,,,,,,,,,
2021-10-10,20211010,吴中,多云-中雨,32,21,31,1,东北风,3级,优,,,,,,,,,,,
2021-10-11,20211011,吴中,阵雨-多云,21,18,24,1,东北风,5级,优,,,,,,,,,,,
2021-10-12,20211012,吴中,阴-多云,23,20,32,1,东北风,4级,优,,,,,,,,,,,
2021-10-13,20211013,吴中,中雨-多云,25,23,22,1,东北风,3级,优,,,,,,,,,,,
2021-10-14,20211014,吴中,雾-多云,28,20,24,1,东南风,3级,优,,,,,,,,,,,
2021-10-15,20211015,吴中,中雨,24,16,22,1,西北风,3级,优,,,,,,,,,,,
2021-10-16,20211016,吴中,小雨-阴,18,12,19,1,北风,5级,优,,,,,,,,,,,
2021-10-17,20211017,吴中,多云,16,11,26,1,东北风,4级,优,,,,,,,,,,,
2021-10-18,20211018,吴中,多云,18,10,26,1,东南风,2级,优,,,,,,,,,,,
2021-10-19,20211019,吴中,多云,18,12,49,1,北风,3级,优,,,,,,,,,,,
2021-10-20,20211020,吴中,中雨,14,11,31,1,东北风,4级,优,,,,,,,,,,,
2021-10-21,20211021,吴中,多云,17,10,36,1,西北风,4级,优,,,,,,,,,,,
2021-10-22,20211022,吴中,多云,18,11,112,3,北风,3级,轻度,,,,,,,,,,,
2021-10-23,20211023,吴中,多云,21,15,64,2,东北风,3级,良,,,,,,,,,,,
2021-10-24,20211024,吴中,多云,21,13,36,1,东北风,3级,优,,,,,,,,,,,
2021-10-25,20211025,吴中,雾-多云,21,12,36,1,东北风,2级,优,,,,,,,,,,,
2021-10-26,20211026,吴中,雾-多云,21,14,44,1,东南风,2级,优,,,,,,,,,,,
2021-10-27,20211027,吴中,雾-多云,22,15,57,2,东北风,2级,良,,,,,,,,,,,
2021-10-28,20211028,吴中,多云,21,14,56,2,东北风,3级,良,,,,,,,,,,,
2021-10-29,20211029,吴中,多云,21,16,43,1,东北风,2级,优,,,,,,,,,,,
2021-10-30,20211030,吴中,雾-多云,22,13,58,2,东北风,2级,良,,,,,,,,,,,
2021-10-31,20211031,吴中,多云,22,14,39,1,东北风,2级,优,,,,,,,,,,,
2021-11-01,20211101,吴中,多云,23,16,56,2,东风,2级,良,,,,,,,,,,,
2021-11-02,20211102,吴中,多云,19,13,51,2,东北风,3级,良,,,,,,,,,,,
2021-11-03,20211103,吴中,多云,22,14,46,1,东南风,3级,优,,,,,,,,,,,
2021-11-04,20211104,吴中,雾-小雨,21,18,43,1,东南风,3级,优,,,,,,,,,,,
2021-11-05,20211105,吴中,雾-小雨,21,18,25,1,东南风,3级,优,,,,,,,,,,,
2021-11-06,20211106,吴中,雾-小雨,20,13,24,1,东北风,3级,优,,,,,,,,,,,
2021-11-07,20211107,吴中,中雨-小雨,22,4,25,1,西北风,5级,优,,,,,,,,,,,
2021-11-08,20211108,吴中,多云-晴,9,3,26,1,西北风,6级,优,,,,,,,,,,,
2021-11-09,20211109,吴中,晴,13,8,38,1,西北风,5级,优,,,,,,,,,,,
2021-11-10,20211110,吴中,晴-多云,16,8,35,1,西北风,5级,优,,,,,,,,,,,
2021-11-11,20211111,吴中,晴,17,8,45,1,西北风,4级,优,,,,,,,,,,,
2021-11-12,20211112,吴中,晴-多云,17,9,41,1,西北风,2级,优,,,,,,,,,,,
2021-11-13,20211113,吴中,多云-晴,19,8,62,2,西南风,2级,良,,,,,,,,,,,
2021-11-14,20211114,吴中,雾-多云,20,9,55,2,西南风,2级,良,,,,,,,,,,,
2021-11-15,20211115,吴中,多云,21,11,62,2,东南风,2级,良,,,,,,,,,,,
2021-11-16,20211116,吴中,多云,18,10,62,2,东南风,2级,良,,,,,,,,,,,
2021-11-17,20211117,吴中,雾-阴,17,12,58,2,东南风,3级,良,,,,,,,,,,,
2021-11-18,20211118,吴中,多云-晴,20,12,47,1,东南风,3级,优,,,,,,,,,,,
2021-11-19,20211119,吴中,多云,21,12,38,1,东南风,2级,优,,,,,,,,,,,
2021-11-20,20211120,吴中,雾-小雨,21,15,47,1,东南风,4级,优,,,,,,,,,,,
2021-11-21,20211121,吴中,雾-小雨,17,6,45,1,西北风,4级,优,,,,,,,,,,,
2021-11-22,20211122,吴中,多云,10,2,45,1,西北风,5级,优,,,,,,,,,,,
2021-11-23,20211123,吴中,多云-晴,10,3,52,2,西北风,3级,良,,,,,,,,,,,
2021-11-24,20211124,吴中,晴,15,7,58,2,西南风,3级,良,,,,,,,,,,,
2021-11-25,20211125,吴中,晴,18,8,55,2,西南风,2级,良,,,,,,,,,,,
2021-11-26,20211126,吴中,晴-多云,18,9,71,2,北风,2级,良,,,,,,,,,,,
2021-11-27,20211127,吴中,晴,17,10,56,2,东风,3级,良,,,,,,,,,,,
2021-11-28,20211128,吴中,多云-阴,18,13,28,1,东南风,3级,优,,,,,,,,,,,
2021-11-29,20211129,吴中,小雨,18,9,41,1,东南风,2级,优,,,,,,,,,,,
2021-11-30,20211130,吴中,阴-晴,11,3,51,2,西北风,6级,良,,,,,,,,,,,
2021-12-01,20211201,吴中,多云-晴,9,1,29,1,西北风,4级,优,,,,,,,,,,,
2021-12-02,20211202,吴中,多云-晴,10,4,37,1,西风,3级,优,,,,,,,,,,,
2021-12-03,20211203,吴中,多云-晴,15,4,53,2,西北风,3级,良,,,,,,,,,,,
2021-12-04,20211204,吴中,多云-晴,15,5,83,2,东南风,2级,良,,,,,,,,,,,
2021-12-05,20211205,吴中,多云,16,6,40,1,东南风,3级,优,,,,,,,,,,,
2021-12-06,20211206,吴中,多云,17,7,54,2,东南风,2级,良,,,,,,,,,,,
2021-12-07,20211207,吴中,多云,15,8,91,2,东北风,3级,良,,,,,,,,,,,
2021-12-08,20211208,吴中,多云,15,8,56,2,东风,3级,良,,,,,,,,,,,
2021-12-09,20211209,吴中,多云-晴,16,7,65,2,南风,2级,良,,,,,,,,,,,
2021-12-10,20211210,吴中,阴-多云,15,8,123,3,东北风,2级,轻度,,,,,,,,,,,
2021-12-11,20211211,吴中,多云-小雨,16,7,89,2,东北风,3级,良,,,,,,,,,,,
2021-12-12,20211212,吴中,小雨-阴,9,3,69,2,北风,4级,良,,,,,,,,,,,
2021-12-13,20211213,吴中,多云-晴,10,3,35,1,东北风,2级,优,,,,,,,,,,,
2021-12-14,20211214,吴中,多云,13,7,56,2,东南风,2级,良,,,,,,,,,,,
2021-12-15,20211215,吴中,阴-小雨,15,11,94,2,东南风,2级,良,,,,,,,,,,,
2021-12-16,20211216,吴中,雾-小雨,11,5,68,2,西北风,3级,良,,,,,,,,,,,
2021-12-17,20211217,吴中,晴-多云,9,0,64,2,北风,4级,良,,,,,,,,,,,
2021-12-18,20211218,吴中,晴-多云,7,0,47,1,西北风,3级,优,,,,,,,,,,,
2021-12-19,20211219,吴中,多云-晴,12,3,51,2,西南风,2级,良,,,,,,,,,,,
2021-12-20,20211220,吴中,多云,16,6,65,2,南风,2级,良,,,,,,,,,,,
2021-12-21,20211221,吴中,多云,17,4,80,2,西北风,2级,良,,,,,,,,,,,
2021-12-22,20211222,吴中,多云,15,3,122,3,东北风,2级,轻度,,,,,,,,,,,
2021-12-23,20211223,吴中,雾-多云,16,9,48,1,东南风,3级,优,,,,,,,,,,,
2021-12-24,20211224,吴中,雾-阴,13,2,37,1,北风,4级,优,,,,,,,,,,,
2021-12-25,20211225,吴中,多云,2,-2,26,1,东北风,4级,优,,,,,,,,,,,
2021-12-26,20211226,吴中,晴,1,-4,33,1,西北风,4级,优,,,,,,,,,,,
2021-12-27,20211227,吴中,多云,3,-1,39,1,西北风,3级,优,,,,,,,,,,,
2021-12-28,20211228,吴中,多云,7,-1,74,2,东南风,2级,良,,,,,,,,,,,
2021-12-29,20211229,吴中,多云-晴,10,0,82,2,西北风,4级,良,,,,,,,,,,,
2021-12-30,20211230,吴中,晴-多云,10,0,93,2,西北风,3级,良,,,,,,,,,,,
2021-12-31,20211231,吴中,多云-晴,10,1,86,2,东风,2级,良,,,,,,,,,,,
2022-01-01,20220101,吴中,多云-晴,11,2,45,1,东南风,2级,优,,,,,,,,,,,
2022-01-02,20220102,吴中,多云,11,2,123,3,西北风,2级,轻度,,,,,,,,,,,
2022-01-03,20220103,吴中,多云,14,3,124,3,东南风,2级,轻度,,,,,,,,,,,
2022-01-04,20220104,吴中,多云-小雨,12,8,107,3,东风,3级,轻度,,,,,,,,,,,
2022-01-05,20220105,吴中,大雨-阴,9,5,31,1,东北风,4级,优,,,,,,,,,,,
2022-01-06,20220106,吴中,多云-阴,8,3,29,1,东北风,3级,优,,,,,,,,,,,
2022-01-07,20220107,吴中,多云,10,2,51,2,东北风,3级,良,,,,,,,,,,,
2022-01-08,20220108,吴中,多云-阴,8,5,46,1,东北风,2级,优,,,,,,,,,,,
2022-01-09,20220109,吴中,小雨-多云,7,3,105,3,东北风,2级,轻度,,,,,,,,,,,
2022-01-10,20220110,吴中,多云-阴,8,1,175,4,西北风,2级,中度,,,,,,,,,,,
2022-01-11,20220111,吴中,多云-晴,6,-1,87,2,西北风,4级,良,,,,,,,,,,,
2022-01-12,20220112,吴中,多云-晴,8,0,71,2,东南风,2级,良,,,,,,,,,,,
2022-01-13,20220113,吴中,多云,5,-2,107,3,西北风,4级,轻度,,,,,,,,,,,
2022-01-14,20220114,吴中,多云-阴,6,2,65,2,东南风,3级,良,,,,,,,,,,,
2022-01-15,20220115,吴中,多云,10,4,97,2,西北风,2级,良,,,,,,,,,,,
2022-01-16,20220116,吴中,多云,10,5,116,3,东北风,3级,轻度,,,,,,,,,,,
2022-01-17,20220117,吴中,多云,11,4,78,2,东风,2级,良,,,,,,,,,,,
2022-01-18,20220118,吴中,多云,12,3,72,2,东南风,3级,良,,,,,,,,,,,
2022-01-19,20220119,吴中,多云-晴,12,3,89,2,东北风,2级,良,,,,,,,,,,,
2022-01-20,20220120,吴中,多云,7,3,63,2,东北风,3级,良,,,,,,,,,,,
2022-01-21,20220121,吴中,多云-小雨,8,6,30,1,东风,3级,优,,,,,,,,,,,
2022-01-22,20220122,吴中,中雨,11,7,34,1,东风,3级,优,,,,,,,,,,,
2022-01-23,20220123,吴中,中雨-小雨,9,6,23,1,东北风,3级,优,,,,,,,,,,,
2022-01-24,20220124,吴中,阴-小雨,7,5,73,2,东北风,3级,良,,,,,,,,,,,
2022-01-25,20220125,吴中,多云-小雨,7,5,133,3,东北风,2级,轻度,,,,,,,,,,,
2022-01-26,20220126,吴中,中雨,6,5,81,2,东北风,3级,良,,,,,,,,,,,
2022-01-27,20220127,吴中,小雨,6,3,59,2,东北风,4级,良,,,,,,,,,,,
2022-01-28,20220128,吴中,小雨-雨夹雪,5,2,31,1,东北风,3级,优,,,,,,,,,,,
2022-01-29,20220129,吴中,阴-雨夹雪,4,1,40,1,东北风,3级,优,,,,,,,,,,,
2022-01-30,20220130,吴中,阴-多云,6,0,59,2,西北风,3级,良,,,,,,,,,,,
2022-01-31,20220131,吴中,多云-阴,7,2,101,3,西北风,1级,轻度,,,,,,,,,,,
2022-02-01,20220201,吴中,多云-雨夹雪,7,2,130,3,东北风,3级,轻度,,,,,,,,,,,
2022-02-02,20220202,吴中,雨夹雪,4,1,43,1,东北风,3级,优,,,,,,,,,,,
2022-02-03,20220203,吴中,小雨-多云,5,1,32,1,东北风,3级,优,,,,,,,,,,,
2022-02-04,20220204,吴中,雾-多云,9,0,36,1,西北风,2级,优,,,,,,,,,,,
2022-02-05,20220205,吴中,多云,6,-1,55,2,东北风,3级,良,,,,,,,,,,,
2022-02-06,20220206,吴中,多云-雨夹雪,5,2,29,1,东北风,3级,优,,,,,,,,,,,
2022-02-07,20220207,吴中,雨夹雪,4,1,23,1,东北风,4级,优,,,,,,,,,,,
2022-02-08,20220208,吴中,雾-阴,7,1,34,1,东北风,3级,优,,,,,,,,,,,
2022-02-09,20220209,吴中,小雨-阴,6,3,29,1,东北风,2级,优,,,,,,,,,,,
2022-02-10,20220210,吴中,多云,9,4,63,2,东北风,2级,良,,,,,,,,,,,
2022-02-11,20220211,吴中,小雨,7,4,59,2,东风,4级,良,,,,,,,,,,,
2022-02-12,20220212,吴中,雾-小雨,8,7,62,2,东北风,3级,良,,,,,,,,,,,
2022-02-13,20220213,吴中,阴-多云,7,1,76,2,东北风,2级,良,,,,,,,,,,,
2022-02-14,20220214,吴中,多云,10,4,91,2,西北风,2级,良,,,,,,,,,,,
2022-02-15,20220215,吴中,多云-阴,5,2,81,2,东北风,3级,良,,,,,,,,,,,
2022-02-16,20220216,吴中,多云,8,3,55,2,东北风,3级,良,,,,,,,,,,,
2022-02-17,20220217,吴中,多云-雨夹雪,4,2,28,1,东北风,4级,优,,,,,,,,,,,
2022-02-18,20220218,吴中,阴-小雨,6,3,25,1,东北风,4级,优,,,,,,,,,,,
2022-02-19,20220219,吴中,多云,5,-1,40,1,北风,4级,优,,,,,,,,,,,
2022-02-20,20220220,吴中,多云,5,-1,27,1,北风,3级,优,,,,,,,,,,,
2022-02-21,20220221,吴中,多云,9,2,46,1,东南风,2级,优,,,,,,,,,,,
2022-02-22,20220222,吴中,多云-小雨,9,2,71,2,东风,2级,良,,,,,,,,,,,
2022-02-23,20220223,吴中,阴-多云,8,-1,50,1,东北风,3级,优,,,,,,,,,,,
2022-02-24,20220224,吴中,多云-晴,9,0,36,1,东风,2级,优,,,,,,,,,,,
2022-02-25,20220225,吴中,多云,13,4,33,1,东南风,3级,优,,,,,,,,,,,
2022-02-26,20220226,吴中,多云-晴,16,3,54,2,西南风,2级,良,,,,,,,,,,,
2022-02-27,20220227,吴中,多云-小雨,15,9,74,2,东南风,3级,良,,,,,,,,,,,
2022-02-28,20220228,吴中,多云-小雨,22,13,69,2,东南风,3级,良,,,,,,,,,,,
2022-03-01,20220301,吴中,阴-多云,18,6,89,2,西北风,3级,良,,,,,,,,,,,
2022-03-02,20220302,吴中,多云-晴,16,6,93,2,东风,2级,良,,,,,,,,,,,
2022-03-03,20220303,吴中,多云-小雨,21,11,109,3,东南风,2级,轻度,,,,,,,,,,,
2022-03-04,20220304,吴中,多云,20,8,53,2,南风,2级,良,,,,,,,,,,,
2022-03-05,20220305,吴中,多云,15,5,75,2,东北风,3级,良,,,,,,,,,,,
2022-03-06,20220306,吴中,阴-小雨,11,6,47,1,东南风,3级,优,,,,,,,,,,,
2022-03-07,20220307,吴中,阴-晴,14,7,43,1,东南风,2级,优,,,,,,,,,,,
2022-03-08,20220308,吴中,晴,20,8,46,1,东南风,3级,优,,,,,,,,,,,
2022-03-09,20220309,吴中,晴-多云,21,11,61,2,东南风,3级,良,,,,,,,,,,,
2022-03-10,20220310,吴中,多云,22,14,58,2,东南风,3级,良,,,,,,,,,,,
2022-03-11,20220311,吴中,多云-晴,26,14,59,2,东南风,2级,良,,,,,,,,,,,
2022-03-12,20220312,吴中,多云-中雨,27,18,62,2,东南风,3级,良,,,,,,,,,,,
2022-03-13,20220313,吴中,多云,27,15,60,2,东南风,2级,良,,,,,,,,,,,
2022-03-14,20220314,吴中,多云,26,9,56,2,东北风,3级,良,,,,,,,,,,,
2022-03-15,20220315,吴中,多云-晴,22,13,54,2,东南风,3级,良,,,,,,,,,,,
2022-03-16,20220316,吴中,多云-雷阵雨,27,16,66,2,东南风,3级,良,,,,,,,,,,,
2022-03-17,20220317,吴中,大雨-阴,15,8,25,1,北风,4级,优,,,,,,,,,,,
2022-03-18,20220318,吴中,阴-多云,13,5,32,1,西北风,3级,优,,,,,,,,,,,
2022-03-19,20220319,吴中,多云-小雨,12,6,59,2,东北风,3级,良,,,,,,,,,,,
2022-03-20,20220320,吴中,中雨-大雨,7,6,30,1,东北风,4级,优,,,,,,,,,,,
2022-03-21,20220321,吴中,大雨-中雨,8,6,18,1,东北风,5级,优,,,,,,,,,,,
2022-03-22,20220322,吴中,阴-小雨,11,7,30,1,东北风,3级,优,,,,,,,,,,,
2022-03-23,20220323,吴中,多云-晴,15,6,38,1,东北风,2级,优,,,,,,,,,,,
2022-03-24,20220324,吴中,多云-中雨,18,14,50,1,东南风,4级,优,,,,,,,,,,,
2022-03-25,20220325,吴中,大雨-阴,18,13,23,1,南风,4级,优,,,,,,,,,,,
2022-03-26,20220326,吴中,多云,17,10,33,1,西北风,4级,优,,,,,,,,,,,
2022-03-27,20220327,吴中,多云,18,8,58,2,北风,2级,良,,,,,,,,,,,
2022-03-28,20220328,吴中,多云,15,7,40,1,东南风,3级,优,,,,,,,,,,,
2022-03-29,20220329,吴中,多云,19,13,38,1,东南风,4级,优,,,,,,,,,,,
2022-03-30,20220330,吴中,多云-小雨,24,10,55,2,东北风,2级,良,,,,,,,,,,,
2022-03-31,20220331,吴中,多云,13,7,49,1,东北风,4级,优,,,,,,,,,,,
2022-04-01,20220401,吴中,多云,13,4,40,1,东北风,3级,优,,,,,,,,,,,
2022-04-02,20220402,吴中,多云-晴,15,6,45,1,东北风,2级,优,,,,,,,,,,,
2022-04-03,20220403,吴中,晴,15,7,40,1,东南风,2级,优,,,,,,,,,,,
2022-04-04,20220404,吴中,多云,19,11,38,1,东南风,3级,优,,,,,,,,,,,
2022-04-05,20220405,吴中,多云,17,9,53,2,东南风,2级,良,,,,,,,,,,,
2022-04-06,20220406,吴中,多云-晴,25,12,71,2,东南风,2级,良,,,,,,,,,,,
2022-04-07,20220407,吴中,多云-晴,27,13,67,2,东南风,2级,良,,,,,,,,,,,
2022-04-08,20220408,吴中,多云-晴,28,15,65,2,东南风,3级,良,,,,,,,,,,,
2022-04-09,20220409,吴中,晴-多云,29,18,62,2,东南风,3级,良,,,,,,,,,,,
2022-04-10,20220410,吴中,多云,29,18,66,2,东南风,3级,良,,,,,,,,,,,
2022-04-11,20220411,吴中,晴,33,19,61,2,东南风,2级,良,,,,,,,,,,,
2022-04-12,20220412,吴中,晴-阴,33,15,67,2,东风,3级,良,,,,,,,,,,,
2022-04-13,20220413,吴中,中雨-大雨,15,13,32,1,东北风,4级,优,,,,,,,,,,,
2022-04-14,20220414,吴中,雾-多云,14,12,29,1,西北风,4级,优,,,,,,,,,,,
2022-04-15,20220415,吴中,多云-阴,17,10,33,1,东北风,4级,优,,,,,,,,,,,
2022-04-16,20220416,吴中,多云,17,8,49,1,东北风,3级,优,,,,,,,,,,,
2022-04-17,20220417,吴中,多云-阴,20,13,43,1,东南风,3级,优,,,,,,,,,,,
2022-04-18,20220418,吴中,多云,20,12,50,1,南风,2级,优,,,,,,,,,,,
2022-04-19,20220419,吴中,多云,23,13,71,2,西南风,2级,良,,,,,,,,,,,
2022-04-20,20220420,吴中,多云-阵雨,25,16,81,2,东南风,2级,良,,,,,,,,,,,
2022-04-21,20220421,吴中,多云-晴,26,17,61,2,东南风,3级,良,,,,,,,,,,,
2022-04-22,20220422,吴中,多云-中雨,28,19,53,2,东南风,2级,良,,,,,,,,,,,
2022-04-23,20220423,吴中,小雨-多云,22,16,33,1,东南风,2级,优,,,,,,,,,,,
2022-04-24,20220424,吴中,多云-小雨,24,17,31,1,东南风,3级,优,,,,,,,,,,,
2022-04-25,20220425,吴中,小雨-大雨,25,20,31,1,东南风,3级,优,,,,,,,,,,,
2022-04-26,20220426,吴中,阴-多云,22,16,29,1,西北风,3级,优,,,,,,,,,,,
2022-04-27,20220427,吴中,雾-多云,22,13,37,1,东北风,3级,优,,,,,,,,,,,
2022-04-28,20220428,吴中,多云-中雨,20,13,67,2,东北风,3级,良,,,,,,,,,,,
2022-04-29,20220429,吴中,多云,15,11,33,1,东北风,4级,优,,,,,,,,,,,
2022-04-30,20220430,吴中,多云-阴,18,12,39,1,东北风,2级,优,,,,,,,,,,,
2022-05-01,20220501,吴中,多云,20,12,60,2,西北风,2级,良,,,,,,,,,,,
2022-05-02,20220502,吴中,多云,24,15,58,2,西南风,2级,良,,,,,,,,,,,
2022-05-03,20220503,吴中,多云,27,15,61,2,东南风,2级,良,,,,,,,,,,,
2022-05-04,20220504,吴中,晴-多云,28,15,60,2,东南风,3级,良,,,,,,,,,,,
2022-05-05,20220505,吴中,晴-多云,28,17,52,2,东南风,3级,良,,,,,,,,,,,
2022-05-06,20220506,吴中,雾-晴,30,19,50,1,东南风,3级,优,,,,,,,,,,,
2022-05-07,20220507,吴中,多云-阴,27,18,35,1,东北风,3级,优,,,,,,,,,,,
2022-05-08,20220508,吴中,多云,25,16,34,1,东风,3级,优,,,,,,,,,,,
2022-05-09,20220509,吴中,多云-小雨,22,17,31,1,东南风,3级,优,,,,,,,,,,,
2022-05-10,20220510,吴中,阴,19,17,30,1,东南风,3级,优,,,,,,,,,,,
2022-05-11,20220511,吴中,多云-阴,22,18,32,1,东北风,3级,优,,,,,,,,,,,
2022-05-12,20220512,吴中,小雨,19,16,29,1,东北风,3级,优,,,,,,,,,,,
2022-05-13,20220513,吴中,小雨-多云,18,12,32,1,东北风,3级,优,,,,,,,,,,,
2022-05-14,20220514,吴中,多云-阴,22,15,42,1,东北风,2级,优,,,,,,,,,,,
2022-05-15,20220515,吴中,多云,22,14,34,1,西南风,3级,优,,,,,,,,,,,
2022-05-16,20220516,吴中,阴-多云,26,15,42,1,西南风,2级,优,,,,,,,,,,,
2022-05-17,20220517,吴中,晴-多云,28,17,52,2,南风,3级,良,,,,,,,,,,,
2022-05-18,20220518,吴中,多云-晴,29,19,62,2,东南风,3级,良,,,,,,,,,,,
2022-05-19,20220519,吴中,阴-小雨,22,18,43,1,东南风,3级,优,,,,,,,,,,,
2022-05-20,20220520,吴中,雾-多云,23,16,35,1,东南风,2级,优,,,,,,,,,,,
2022-05-21,20220521,吴中,雾-多云,27,16,49,1,东南风,2级,优,,,,,,,,,,,
2022-05-22,20220522,吴中,多云,28,21,40,1,东南风,3级,优,,,,,,,,,,,
2022-05-23,20220523,吴中,小雨-多云,26,19,36,1,东南风,4级,优,,,,,,,,,,,
2022-05-24,20220524,吴中,雾-阴,22,19,32,1,东南风,3级,优,,,,,,,,,,,
2022-05-25,20220525,吴中,多云,28,19,48,1,东南风,2级,优,,,,,,,,,,,
2022-05-26,20220526,吴中,多云,24,18,37,1,东风,2级,优,,,,,,,,,,,
2022-05-27,20220527,吴中,多云,30,22,54,2,东南风,2级,良,,,,,,,,,,,
2022-05-28,20220528,吴中,阴-小雨,25,21,38,1,东南风,3级,优,,,,,,,,,,,
2022-05-29,20220529,吴中,阴,26,22,26,1,南风,2级,优,,,,,,,,,,,
2022-05-30,20220530,吴中,阴-多云,29,19,31,1,北风,3级,优,,,,,,,,,,,
2022-05-31,20220531,吴中,多云-小雨,29,21,33,1,东南风,4级,优,,,,,,,,,,,
2022-06-01,20220601,吴中,阴-多云,28,21,41,1,西南风,2级,优,,,,,,,,,,,
2022-06-02,20220602,吴中,多云,30,22,50,1,东南风,3级,优,,,,,,,,,,,
2022-06-03,20220603,吴中,雾-小雨,28,23,26,1,东南风,4级,优,,,,,,,,,,,
2022-06-04,20220604,吴中,阴-中雨,30,24,30,1,东南风,3级,优,,,,,,,,,,,
2022-06-05,20220605,吴中,大雨-多云,25,19,23,1,西北风,3级,优,,,,,,,,,,,
2022-06-06,20220606,吴中,多云-小雨,32,21,52,2,西南风,2级,良,,,,,,,,,,,
2022-06-07,20220607,吴中,多云,27,18,46,1,北风,3级,优,,,,,,,,,,,
2022-06-08,20220608,吴中,多云,28,21,39,1,东南风,3级,优,,,,,,,,,,,
2022-06-09,20220609,吴中,雾-多云,30,22,62,2,东南风,4级,良,,,,,,,,,,,
2022-06-10,20220610,吴中,阴-多云,27,21,30,1,东南风,4级,优,,,,,,,,,,,
2022-06-11,20220611,吴中,多云,24,20,34,1,东南风,3级,优,,,,,,,,,,,
2022-06-12,20220612,吴中,阴-阵雨,24,21,31,1,东南风,4级,优,,,,,,,,,,,
2022-06-13,20220613,吴中,小雨-多云,26,20,23,1,东南风,2级,优,,,,,,,,,,,
2022-06-14,20220614,吴中,多云,30,21,43,1,南风,2级,优,,,,,,,,,,,
2022-06-15,20220615,吴中,晴-多云,33,23,61,2,西南风,2级,良,,,,,,,,,,,
2022-06-16,20220616,吴中,多云-晴,34,24,81,2,东南风,3级,良,,,,,,,,,,,
2022-06-17,20220617,吴中,多云,34,24,66,2,东南风,2级,良,,,,,,,,,,,
2022-06-18,20220618,吴中,多云,34,24,56,2,东南风,2级,良,,,,,,,,,,,
2022-06-19,20220619,吴中,多云,32,25,53,2,南风,2级,良,,,,,,,,,,,
2022-06-20,20220620,吴中,多云,33,25,26,1,东南风,2级,优,,,,,,,,,,,
2022-06-21,20220621,吴中,多云,32,26,33,1,东南风,3级,优,,,,,,,,,,,
2022-06-22,20220622,吴中,多云,34,29,32,1,南风,3级,优,,,,,,,,,,,
2022-06-23,20220623,吴中,多云-大雨,35,26,21,1,西南风,3级,优,,,,,,,,,,,
2022-06-24,20220624,吴中,小雨-雷阵雨,26,23,24,1,西南风,4级,优,,,,,,,,,,,
2022-06-25,20220625,吴中,多云,32,27,35,1,南风,3级,优,,,,,,,,,,,
2022-06-26,20220626,吴中,多云,36,28,49,1,东南风,3级,优,,,,,,,,,,,
2022-06-27,20220627,吴中,多云,36,28,31,1,南风,4级,优,,,,,,,,,,,
2022-06-28,20220628,吴中,多云-大雨,35,27,31,1,南风,3级,优,,,,,,,,,,,
2022-06-29,20220629,吴中,大雨-小雨,32,28,30,1,东南风,2级,优,,,,,,,,,,,
2022-06-30,20220630,吴中,中雨-多云,31,26,24,1,东南风,3级,优,,,,,,,,,,,
2022-07-01,20220701,吴中,多云,31,26,20,1,东南风,4级,优,,,,,,,,,,,
2022-07-02,20220702,吴中,多云,32,26,20,1,东南风,4级,优,,,,,,,,,,,
2022-07-03,20220703,吴中,多云,32,26,22,1,东南风,3级,优,,,,,,,,,,,
2022-07-04,20220704,吴中,多云,35,27,26,1,东南风,3级,优,,,,,,,,,,,
2022-07-05,20220705,吴中,雾-多云,35,29,36,1,东南风,3级,优,,,,,,,,,,,
2022-07-06,20220706,吴中,多云,35,29,30,1,南风,3级,优,,,,,,,,,,,
2022-07-07,20220707,吴中,阴-多云,35,29,29,1,西风,2级,优,,,,,,,,,,,
2022-07-08,20220708,吴中,多云,36,29,31,1,西南风,2级,优,,,,,,,,,,,
2022-07-09,20220709,吴中,多云,37,29,27,1,西南风,2级,优,,,,,,,,,,,
2022-07-10,20220710,吴中,多云,38,30,25,1,南风,2级,优,,,,,,,,,,,
2022-07-11,20220711,吴中,小雨-多云,38,31,33,1,东南风,2级,优,,,,,,,,,,,
2022-07-12,20220712,吴中,多云,39,31,41,1,东南风,2级,优,,,,,,,,,,,
2022-07-13,20220713,吴中,多云,38,31,35,1,南风,2级,优,,,,,,,,,,,
2022-07-14,20220714,吴中,多云,38,30,36,1,西南风,1级,优,,,,,,,,,,,
2022-07-15,20220715,吴中,多云-雷阵雨,37,29,41,1,西风,2级,优,,,,,,,,,,,
2022-07-16,20220716,吴中,多云,31,28,43,1,南风,2级,优,,,,,,,,,,,
2022-07-17,20220717,吴中,小雨-雷阵雨,36,28,37,1,南风,3级,优,,,,,,,,,,,
2022-07-18,20220718,吴中,多云,30,25,30,1,西风,3级,优,,,,,,,,,,,
2022-07-19,20220719,吴中,雾-多云,32,27,32,1,东南风,2级,优,,,,,,,,,,,
2022-07-20,20220720,吴中,多云-雷阵雨,36,27,25,1,西南风,3级,优,,,,,,,,,,,
2022-07-21,20220721,吴中,阴-多云,31,26,25,1,西北风,3级,优,,,,,,,,,,,
2022-07-22,20220722,吴中,阴-多云,35,28,32,1,北风,2级,优,,,,,,,,,,,
2022-07-23,20220723,吴中,多云,36,27,46,1,西北风,4级,优,,,,,,,,,,,
2022-07-24,20220724,吴中,多云,32,27,45,1,西北风,2级,优,,,,,,,,,,,
2022-07-25,20220725,吴中,雾-多云,35,28,43,1,东南风,3级,优,,,,,,,,,,,
2022-07-26,20220726,吴中,中雨-雷阵雨,36,27,36,1,东南风,3级,优,,,,,,,,,,,
2022-07-27,20220727,吴中,多云,35,28,52,2,西南风,2级,良,,,,,,,,,,,
2022-07-28,20220728,吴中,多云,37,28,57,2,东南风,3级,良,,,,,,,,,,,
2022-07-29,20220729,吴中,多云,35,27,19,1,东南风,4级,优,,,,,,,,,,,
2022-07-30,20220730,吴中,多云,33,26,19,1,东北风,2级,优,,,,,,,,,,,
2022-07-31,20220731,吴中,多云,35,27,30,1,西北风,3级,优,,,,,,,,,,,
2022-08-01,20220801,吴中,多云,35,28,37,1,西北风,2级,优,,,,,,,,,,,
2022-08-02,20220802,吴中,多云-晴,38,28,53,2,东南风,3级,良,,,,,,,,,,,
2022-08-03,20220803,吴中,晴-多云,37,29,37,1,东南风,3级,优,,,,,,,,,,,
2022-08-04,20220804,吴中,晴,37,29,36,1,东南风,3级,优,,,,,,,,,,,
2022-08-05,20220805,吴中,多云-小雨,39,30,44,1,东南风,3级,优,,,,,,,,,,,
2022-08-06,20220806,吴中,多云,38,30,32,1,南风,2级,优,,,,,,,,,,,
2022-08-07,20220807,吴中,多云,37,29,34,1,东南风,3级,优,,,,,,,,,,,
2022-08-08,20220808,吴中,多云,38,29,31,1,东南风,4级,优,,,,,,,,,,,
2022-08-09,20220809,吴中,多云,38,30,33,1,东南风,3级,优,,,,,,,,,,,
2022-08-10,20220810,吴中,多云,40,30,38,1,东南风,2级,优,,,,,,,,,,,
2022-08-11,20220811,吴中,多云,39,30,50,1,东南风,2级,优,,,,,,,,,,,
2022-08-12,20220812,吴中,多云,40,31,50,1,南风,3级,优,,,,,,,,,,,
2022-08-13,20220813,吴中,多云,40,31,51,2,南风,2级,良,,,,,,,,,,,
2022-08-14,20220814,吴中,多云,40,31,48,1,东南风,2级,优,,,,,,,,,,,
2022-08-15,20220815,吴中,多云,39,32,44,1,东南风,2级,优,,,,,,,,,,,
2022-08-16,20220816,吴中,多云-小雨,38,27,42,1,西南风,2级,优,,,,,,,,,,,
2022-08-17,20220817,吴中,多云,33,28,33,1,东北风,2级,优,,,,,,,,,,,
2022-08-18,20220818,吴中,多云,36,29,49,1,东南风,3级,优,,,,,,,,,,,
2022-08-19,20220819,吴中,多云,40,31,42,1,东南风,3级,优,,,,,,,,,,,
2022-08-20,20220820,吴中,多云,38,28,42,1,西南风,2级,优,,,,,,,,,,,
2022-08-21,20220821,吴中,多云,37,29,47,1,东风,2级,优,,,,,,,,,,,
2022-08-22,20220822,吴中,多云-晴,39,29,31,1,东南风,2级,优,,,,,,,,,,,
2022-08-23,20220823,吴中,多云-雷阵雨,39,26,43,1,东北风,3级,优,,,,,,,,,,,
2022-08-24,20220824,吴中,多云,29,26,30,1,东北风,3级,优,,,,,,,,,,,
2022-08-25,20220825,吴中,多云-中雨,33,26,39,1,东北风,3级,优,,,,,,,,,,,
2022-08-26,20220826,吴中,多云-大雨,30,25,36,1,东北风,2级,优,,,,,,,,,,,
2022-08-27,20220827,吴中,小雨-多云,27,24,27,1,东北风,3级,优,,,,,,,,,,,
2022-08-28,20220828,吴中,多云,29,25,28,1,东风,4级,优,,,,,,,,,,,
2022-08-29,20220829,吴中,多云,35,26,49,1,东南风,3级,优,,,,,,,,,,,
2022-08-30,20220830,吴中,阴,28,23,48,1,西北风,3级,优,,,,,,,,,,,
2022-08-31,20220831,吴中,多云,25,21,26,1,西北风,4级,优,,,,,,,,,,,
2022-09-01,20220901,吴中,多云,29,22,39,1,东北风,4级,优,,,,,,,,,,,
2022-09-02,20220902,吴中,多云,27,24,31,1,东北风,4级,优,,,,,,,,,,,
2022-09-03,20220903,吴中,小雨,26,24,22,1,北风,4级,优,,,,,,,,,,,
2022-09-04,20220904,吴中,中雨-小雨,29,24,23,1,北风,5级,优,,,,,,,,,,,
2022-09-05,20220905,吴中,多云,26,20,26,1,西北风,6级,优,,,,,,,,,,,
2022-09-06,20220906,吴中,晴-多云,31,21,61,2,西南风,3级,良,,,,,,,,,,,
2022-09-07,20220907,吴中,多云,34,23,85,2,东南风,2级,良,,,,,,,,,,,
2022-09-08,20220908,吴中,多云,30,22,83,2,东北风,2级,良,,,,,,,,,,,
2022-09-09,20220909,吴中,多云-晴,29,20,33,1,东北风,3级,优,,,,,,,,,,,
2022-09-10,20220910,吴中,多云,29,22,41,1,东北风,2级,优,,,,,,,,,,,
2022-09-11,20220911,吴中,多云,29,22,33,1,东北风,2级,优,,,,,,,,,,,
2022-09-12,20220912,吴中,雾-大雨,30,22,38,1,东北风,3级,优,,,,,,,,,,,
2022-09-13,20220913,吴中,小雨-中雨,23,22,18,1,东北风,4级,优,,,,,,,,,,,
2022-09-14,20220914,吴中,小雨-暴雨,25,22,17,1,北风,5级,优,,,,,,,,,,,
2022-09-15,20220915,吴中,多云,24,22,17,1,西风,5级,优,,,,,,,,,,,
2022-09-16,20220916,吴中,多云,28,22,30,1,西风,3级,优,,,,,,,,,,,
2022-09-17,20220917,吴中,多云,30,22,57,2,北风,2级,良,,,,,,,,,,,
2022-09-18,20220918,吴中,雾-多云,28,21,36,1,北风,3级,优,,,,,,,,,,,
2022-09-19,20220919,吴中,雾-多云,28,17,38,1,北风,4级,优,,,,,,,,,,,
2022-09-20,20220920,吴中,多云,25,18,34,1,东北风,4级,优,,,,,,,,,,,
2022-09-21,20220921,吴中,多云,24,18,28,1,东北风,3级,优,,,,,,,,,,,
2022-09-22,20220922,吴中,多云,27,20,48,1,东南风,2级,优,,,,,,,,,,,
2022-09-23,20220923,吴中,多云,27,16,42,1,东北风,3级,优,,,,,,,,,,,
2022-09-24,20220924,吴中,多云,24,19,30,1,东北风,3级,优,,,,,,,,,,,
2022-09-25,20220925,吴中,多云,24,18,29,1,东北风,3级,优,,,,,,,,,,,
2022-09-26,20220926,吴中,多云,23,19,33,1,东北风,3级,优,,,,,,,,,,,
2022-09-27,20220927,吴中,雾-多云,25,21,28,1,东风,3级,优,,,,,,,,,,,
2022-09-28,20220928,吴中,中雨-小雨,21,18,29,1,东北风,3级,优,,,,,,,,,,,
2022-09-29,20220929,吴中,雾-多云,27,21,33,1,东南风,2级,优,,,,,,,,,,,
2022-09-30,20220930,吴中,雾-多云,26,23,22,1,东南风,3级,优,,,,,,,,,,,
2022-10-01,20221001,吴中,多云,32,25,41,1,东南风,3级,优,,,,,,,,,,,
2022-10-02,20221002,吴中,晴-多云,35,26,38,1,东南风,4级,优,,,,,,,,,,,
2022-10-03,20221003,吴中,晴-多云,37,23,43,1,东南风,3级,优,,,,,,,,,,,
2022-10-04,20221004,吴中,阴,22,17,23,1,东北风,5级,优,,,,,,,,,,,
2022-10-05,20221005,吴中,阴-小雨,18,15,20,1,东北风,4级,优,,,,,,,,,,,
2022-10-06,20221006,吴中,小雨-中雨,16,13,21,1,东北风,4级,优,,,,,,,,,,,
2022-10-07,20221007,吴中,多云-阴,17,15,22,1,东北风,3级,优,,,,,,,,,,,
2022-10-08,20221008,吴中,小雨,19,14,23,1,东风,2级,优,,,,,,,,,,,
2022-10-09,20221009,吴中,雾-多云,20,11,34,1,西北风,4级,优,,,,,,,,,,,
2022-10-10,20221010,吴中,晴-多云,18,9,26,1,西北风,5级,优,,,,,,,,,,,
2022-10-11,20221011,吴中,多云,20,12,34,1,东北风,3级,优,,,,,,,,,,,
2022-10-12,20221012,吴中,晴-多云,20,13,28,1,东北风,3级,优,,,,,,,,,,,
2022-10-13,20221013,吴中,多云,22,14,32,1,东北风,3级,优,,,,,,,,,,,
2022-10-14,20221014,吴中,多云,23,13,33,1,东北风,3级,优,,,,,,,,,,,
2022-10-15,20221015,吴中,多云,23,15,38,1,东北风,3级,优,,,,,,,,,,,
2022-10-16,20221016,吴中,雾-多云,23,15,47,1,北风,3级,优,,,,,,,,,,,
2022-10-17,20221017,吴中,多云,20,11,39,1,东北风,5级,优,,,,,,,,,,,
2022-10-18,20221018,吴中,多云,19,10,25,1,东北风,4级,优,,,,,,,,,,,
2022-10-19,20221019,吴中,晴-多云,19,11,30,1,东北风,3级,优,,,,,,,,,,,
2022-10-20,20221020,吴中,多云,21,13,29,1,东南风,4级,优,,,,,,,,,,,
2022-10-21,20221021,吴中,多云,25,15,34,1,东南风,3级,优,,,,,,,,,,,
2022-10-22,20221022,吴中,多云,25,17,61,2,西北风,2级,良,,,,,,,,,,,
2022-10-23,20221023,吴中,多云,22,12,34,1,东北风,3级,优,,,,,,,,,,,
2022-10-24,20221024,吴中,多云,21,12,30,1,东北风,3级,优,,,,,,,,,,,
2022-10-25,20221025,吴中,阴-多云,20,15,28,1,东风,3级,优,,,,,,,,,,,
2022-10-26,20221026,吴中,多云-中雨,20,16,26,1,东南风,3级,优,,,,,,,,,,,
2022-10-27,20221027,吴中,多云,20,15,21,1,东北风,4级,优,,,,,,,,,,,
2022-10-28,20221028,吴中,多云,19,14,32,1,东北风,3级,优,,,,,,,,,,,
2022-10-29,20221029,吴中,多云,20,14,28,1,东北风,3级,优,,,,,,,,,,,
2022-10-30,20221030,吴中,多云,22,15,33,1,东北风,2级,优,,,,,,,,,,,
2022-10-31,20221031,吴中,多云,23,13,30,1,东北风,3级,优,,,,,,,,,,,
2022-11-01,20221101,吴中,雾-多云,21,13,39,1,东北风,3级,优,,,,,,,,,,,
2022-11-02,20221102,吴中,雾-多云,21,12,46,1,东北风,3级,优,,,,,,,,,,,
2022-11-03,20221103,吴中,晴-多云,19,13,36,1,东北风,3级,优,,,,,,,,,,,
2022-11-04,20221104,吴中,雾-多云,17,9,26,1,东北风,4级,优,,,,,,,,,,,
2022-11-05,20221105,吴中,多云,18,10,37,1,东北风,2级,优,,,,,,,,,,,
2022-11-06,20221106,吴中,多云,19,11,37,1,东南风,3级,优,,,,,,,,,,,
2022-11-07,20221107,吴中,雾-多云,23,12,38,1,东南风,2级,优,,,,,,,,,,,
2022-11-08,20221108,吴中,多云,23,14,35,1,东南风,3级,优,,,,,,,,,,,
2022-11-09,20221109,吴中,小雨-多云,22,15,31,1,东南风,3级,优,,,,,,,,,,,
2022-11-10,20221110,吴中,多云,24,19,51,2,东南风,2级,良,,,,,,,,,,,
2022-11-11,20221111,吴中,阴-多云,23,20,29,1,东南风,3级,优,,,,,,,,,,,
2022-11-12,20221112,吴中,多云-小雨,29,14,30,1,南风,3级,优,,,,,,,,,,,
2022-11-13,20221113,吴中,多云-阴,13,11,29,1,北风,4级,优,,,,,,,,,,,
2022-11-14,20221114,吴中,小雨-多云,12,8,38,1,西北风,3级,优,,,,,,,,,,,
2022-11-15,20221115,吴中,多云,15,6,64,2,西北风,2级,良,,,,,,,,,,,
2022-11-16,20221116,吴中,小雨-大雨,17,13,78,2,东南风,3级,良,,,,,,,,,,,
2022-11-17,20221117,吴中,中雨,14,13,23,1,东北风,3级,优,,,,,,,,,,,
2022-11-18,20221118,吴中,雾-小雨,19,16,24,1,东北风,3级,优,,,,,,,,,,,
2022-11-19,20221119,吴中,雾-多云,17,15,40,1,西北风,3级,优,,,,,,,,,,,
2022-11-20,20221120,吴中,多云,18,13,34,1,西北风,3级,优,,,,,,,,,,,
2022-11-21,20221121,吴中,多云-大雨,20,15,45,1,东南风,2级,优,,,,,,,,,,,
2022-11-22,20221122,吴中,雾-多云,17,12,32,1,西北风,4级,优,,,,,,,,,,,
2022-11-23,20221123,吴中,多云,18,11,28,1,西北风,3级,优,,,,,,,,,,,
2022-11-24,20221124,吴中,雾-多云,19,13,30,1,东南风,3级,优,,,,,,,,,,,
2022-11-25,20221125,吴中,多云,20,13,38,1,东南风,2级,优,,,,,,,,,,,
2022-11-26,20221126,吴中,多云,20,13,57,2,北风,2级,良,,,,,,,,,,,
2022-11-27,20221127,吴中,雾-多云,20,16,34,1,东南风,4级,优,,,,,,,,,,,
2022-11-28,20221128,吴中,小雨-中雨,23,13,24,1,南风,3级,优,,,,,,,,,,,
2022-11-29,20221129,吴中,大雨-小雨,13,2,24,1,北风,5级,优,,,,,,,,,,,
2022-11-30,20221130,吴中,阴-多云,2,1,22,1,北风,5级,优,,,,,,,,,,,
2022-12-01,20221201,吴中,多云,3,1,28,1,西北风,3级,优,,,,,,,,,,,
2022-12-02,20221202,吴中,多云,9,3,43,1,东北风,1级,优,,,,,,,,,,,
2022-12-03,20221203,吴中,中雨,7,4,52,2,北风,3级,良,,,,,,,,,,,
2022-12-04,20221204,吴中,小雨,8,6,29,1,东北风,5级,优,,,,,,,,,,,
2022-12-05,20221205,吴中,多云,10,2,29,1,北风,4级,优,,,,,,,,,,,
2022-12-06,20221206,吴中,雾-多云,12,4,37,1,东北风,1级,优,,,,,,,,,,,
2022-12-07,20221207,吴中,多云,11,7,63,2,东风,3级,良,,,,,,,,,,,
2022-12-08,20221208,吴中,阴-小雨,15,10,67,2,东风,1级,良,,,,,,,,,,,
2022-12-09,20221209,吴中,小雨,11,10,61,2,西北风,3级,良,,,,,,,,,,,
2022-12-10,20221210,吴中,雾-多云,11,4,76,2,西北风,4级,良,,,,,,,,,,,
2022-12-11,20221211,吴中,多云,9,4,35,1,北风,4级,优,,,,,,,,,,,
2022-12-12,20221212,吴中,多云,9,0,49,1,西北风,4级,优,,,,,,,,,,,
2022-12-13,20221213,吴中,晴,12,0,81,2,西北风,4级,良,,,,,,,,,,,
2022-12-14,20221214,吴中,晴-多云,8,0,63,2,东北风,2级,良,,,,,,,,,,,
2022-12-15,20221215,吴中,晴-小雨,12,6,55,2,东南风,3级,良,,,,,,,,,,,
2022-12-16,20221216,吴中,阴-小雨,9,0,47,1,东北风,4级,优,,,,,,,,,,,
2022-12-17,20221217,吴中,多云,4,-3,45,1,西北风,6级,优,,,,,,,,,,,
2022-12-18,20221218,吴中,晴-多云,5,-3,40,1,西北风,4级,优,,,,,,,,,,,
2022-12-19,20221219,吴中,晴-多云,10,0,52,2,南风,2级,良,,,,,,,,,,,
2022-12-20,20221220,吴中,雾-多云,12,2,52,2,东南风,3级,良,,,,,,,,,,,
2022-12-21,20221221,吴中,晴,11,3,71,2,西风,3级,良,,,,,,,,,,,
2022-12-22,20221222,吴中,晴,6,0,83,2,西北风,3级,良,,,,,,,,,,,
2022-12-23,20221223,吴中,晴,5,-1,84,2,西北风,2级,良,,,,,,,,,,,
2022-12-24,20221224,吴中,晴,5,-1,57,2,西北风,2级,良,,,,,,,,,,,
2022-12-25,20221225,吴中,晴,7,-1,49,1,西北风,2级,优,,,,,,,,,,,
2022-12-26,20221226,吴中,雾-霾,6,1,72,2,西风,1级,良,,,,,,,,,,,
2022-12-27,20221227,吴中,霾,8,1,87,2,北风,1级,良,,,,,,,,,,,
2022-12-28,20221228,吴中,霾,7,4,117,3,北风,1级,轻度污染,,,,,,,,,,,
2022-12-29,20221229,吴中,雾-霾,6,3,77,2,北风,1级,良,,,,,,,,,,,
2022-12-30,20221230,吴中,霾-晴,7,0,32,1,北风,1级,优,,,,,,,,,,,
2022-12-31,20221231,吴中,雾-霾,10,-1,35,1,无持续风向,1级,优,,,,,,,,,,,
2023-01-01,20230101,吴中,雾-多云,8,5,128,3,东南风,2级,轻度,,,,,,,,,,,
2023-01-02,20230102,吴中,霾,9,5,35,1,北风,1级,优,,,,,,,,,,,
2023-01-03,20230103,吴中,晴-多云,10,3,35,1,无持续风向,1级,优,,,,,,,,,,,
2023-01-04,20230104,吴中,晴-雾,11,1,45,1,东南风,2级,优,,,,,,,,,,,
2023-01-05,20230105,吴中,晴-雾,13,7,67,2,无持续风向,1级,良,,,,,,,,,,,
2023-01-06,20230106,吴中,霾,13,5,85,2,西风,2级,良,,,,,,,,,,,
2023-01-07,20230107,吴中,霾,16,3,85,2,无持续风向,1级,良,,,,,,,,,,,
2023-01-08,20230108,吴中,雾-霾,18,4,82,2,南风,2级,良,,,,,,,,,,,
2023-01-09,20230109,吴中,雾,17,4,85,2,东北风,3级,良,,,,,,,,,,,
2023-01-10,20230110,吴中,晴,11,6,75,2,东风,2级,良,,,,,,,,,,,
2023-01-11,20230111,吴中,雾-晴,15,4,50,1,东南风,3级,优,,,,,,,,,,,
2023-01-12,20230112,吴中,晴-多云,20,11,36,1,东南风,2级,优,,,,,,,,,,,
2023-01-13,20230113,吴中,阴-雾,18,13,29,1,东北风,1级,优,,,,,,,,,,,
2023-01-14,20230114,吴中,阴,13,1,20,1,东北风,3级,优,,,,,,,,,,,
2023-01-15,20230115,吴中,阴,1,-2,29,1,西北风,3级,优,,,,,,,,,,,
2023-01-16,20230116,吴中,阴-晴,3,-2,50,1,西北风,2级,优,,,,,,,,,,,
2023-01-17,20230117,吴中,阴-晴,6,1,62,2,西风,1级,良,,,,,,,,,,,
2023-01-18,20230118,吴中,晴,8,1,75,2,西风,1级,良,,,,,,,,,,,
2023-01-19,20230119,吴中,霾-晴,10,2,80,2,无持续风向,1级,良,,,,,,,,,,,
2023-01-20,20230120,吴中,晴,9,2,92,2,东风,2级,良,,,,,,,,,,,
2023-01-21,20230121,吴中,多云-晴,11,3,71,2,东风,3级,良,,,,,,,,,,,
2023-01-22,20230122,吴中,多云,7,6,55,2,西北风,2级,良,,,,,,,,,,,
2023-01-23,20230123,吴中,多云,7,3,40,1,北风,2级,优,,,,,,,,,,,
2023-01-24,20230124,吴中,晴-多云,2,-4,47,1,西北风,2级,优,,,,,,,,,,,
2023-01-25,20230125,吴中,晴-多云,2,-7,28,1,东南风,2级,优,,,,,,,,,,,
2023-01-26,20230126,吴中,晴-多云,8,-2,71,2,无持续风向,2级,良,,,,,,,,,,,
2023-01-27,20230127,吴中,多云-晴,4,0,61,2,西北风,3级,良,,,,,,,,,,,
2023-01-28,20230128,吴中,多云,6,-2,61,2,西风,1级,良,,,,,,,,,,,
2023-01-29,20230129,吴中,晴-多云,10,-1,59,2,西风,1级,良,,,,,,,,,,,
2023-01-30,20230130,吴中,晴,14,2,66,2,无持续风向,2级,良,,,,,,,,,,,
2023-01-31,20230131,吴中,雾-晴,19,2,65,2,无持续风向,1级,良,,,,,,,,,,,
2023-02-01,20230201,吴中,霾-晴,14,3,79,2,东北风,3级,良,,,,,,,,,,,
2023-02-02,20230202,吴中,晴-多云,5,2,43,1,东北风,2级,优,,,,,,,,,,,
2023-02-03,20230203,吴中,多云,8,3,60,2,东北风,1级,良,,,,,,,,,,,
2023-02-04,20230204,吴中,晴-多云,9,1,52,2,东风,2级,良,,,,,,,,,,,
2023-02-05,20230205,吴中,多云-雾,10,4,56,2,东风,2级,良,,,,,,,,,,,
2023-02-06,20230206,吴中,雾-多云,9,7,46,1,东北风,2级,优,,,,,,,,,,,
2023-02-07,20230207,吴中,多云,12,7,33,1,东北风,2级,优,,,,,,,,,,,
2023-02-08,20230208,吴中,雾,8,5,70,2,东风,2级,良,,,,,,,,,,,
2023-02-09,20230209,吴中,多云,8,7,35,1,东风,3级,优,,,,,,,,,,,
2023-02-10,20230210,吴中,雾,7,5,39,1,北风,2级,优,,,,,,,,,,,
2023-02-11,20230211,吴中,多云,8,6,28,1,东风,3级,优,,,,,,,,,,,
2023-02-12,20230212,吴中,雾-多云,12,8,30,1,东风,2级,优,,,,,,,,,,,
2023-02-13,20230213,吴中,雾-雨,9,3,40,1,东北风,3级,优,,,,,,,,,,,
2023-02-14,20230214,吴中,多云,7,1,38,1,北风,2级,优,,,,,,,,,,,
2023-02-15,20230215,吴中,晴,9,1,47,1,北风,2级,优,,,,,,,,,,,
2023-02-16,20230216,吴中,晴-霾,11,1,49,1,东风,1级,优,,,,,,,,,,,
2023-02-17,20230217,吴中,多云-晴,12,6,60,2,东风,2级,良,,,,,,,,,,,
2023-02-18,20230218,吴中,霾-雾,20,9,80,2,无持续风向,1级,良,,,,,,,,,,,
2023-02-19,20230219,吴中,晴-霾,11,5,111,3,北风,2级,轻度污染,,,,,,,,,,,
2023-02-20,20230220,吴中,雾,12,2,68,2,东风,2级,良,,,,,,,,,,,
2023-02-21,20230221,吴中,晴-多云,7,3,34,1,东风,3级,优,,,,,,,,,,,
2023-02-22,20230222,吴中,多云,7,3,41,1,东风,2级,优,,,,,,,,,,,
2023-02-23,20230223,吴中,多云,6,4,42,1,东风,2级,优,,,,,,,,,,,
2023-02-24,20230224,吴中,多云-霾,10,3,66,2,东北风,2级,良,,,,,,,,,,,
2023-02-25,20230225,吴中,多云-晴,8,2,66,2,东北风,2级,良,,,,,,,,,,,
2023-02-26,20230226,吴中,晴,9,2,33,1,无持续风向,2级,优,,,,,,,,,,,
2023-02-27,20230227,吴中,晴,11,2,48,1,东南风,2级,优,,,,,,,,,,,
2023-02-28,20230228,吴中,晴-多云,17,5,51,2,无持续风向,2级,良,,,,,,,,,,,
2023-03-01,20230301,吴中,霾-雾,17,8,91,2,无持续风向,2级,良,,,,,,,,,,,
2023-03-02,20230302,吴中,霾,13,5,83,2,无持续风向,2级,良,,,,,,,,,,,
2023-03-03,20230303,吴中,晴,13,4,40,1,东南风,2级,优,,,,,,,,,,,
2023-03-04,20230304,吴中,雾-霾,18,4,63,2,东南风,1级,良,,,,,,,,,,,
2023-03-05,20230305,吴中,霾,19,8,65,2,东南风,2级,良,,,,,,,,,,,
2023-03-06,20230306,吴中,雾-霾,24,7,70,2,南风,2级,良,,,,,,,,,,,
2023-03-07,20230307,吴中,雾-多云,25,11,74,2,东南风,2级,良,,,,,,,,,,,
2023-03-08,20230308,吴中,雾-霾,23,11,77,2,西风,1级,良,,,,,,,,,,,
2023-03-09,20230309,吴中,多云-晴,24,14,72,2,西风,2级,良,,,,,,,,,,,
2023-03-10,20230310,吴中,雾-霾,27,12,100,2,东南风,1级,良,,,,,,,,,,,
2023-03-11,20230311,吴中,多云,24,15,61,2,东南风,2级,良,,,,,,,,,,,
2023-03-12,20230312,吴中,多云,17,6,65,2,北风,3级,良,,,,,,,,,,,
2023-03-13,20230313,吴中,多云-晴,15,5,57,2,南风,2级,良,,,,,,,,,,,
2023-03-14,20230314,吴中,晴,21,8,59,2,东南风,2级,良,,,,,,,,,,,
2023-03-15,20230315,吴中,霾-多云,24,9,66,2,东北风,1级,良,,,,,,,,,,,
2023-03-16,20230316,吴中,晴,14,8,72,2,东风,4级,良,,,,,,,,,,,
2023-03-17,20230317,吴中,雨-多云,9,6,34,1,东北风,3级,优,,,,,,,,,,,
2023-03-18,20230318,吴中,多云,7,6,40,1,西北风,2级,优,,,,,,,,,,,
2023-03-19,20230319,吴中,多云,12,6,46,1,东南风,3级,优,,,,,,,,,,,
2023-03-20,20230320,吴中,多云-霾,13,10,54,2,东南风,2级,良,,,,,,,,,,,
2023-03-21,20230321,吴中,雨-雾,14,12,30,1,东风,2级,优,,,,,,,,,,,
2023-03-22,20230322,吴中,雾,15,13,56,2,东风,2级,良,,,,,,,,,,,
2023-03-23,20230323,吴中,霾-多云,13,10,53,2,东北风,3级,良,,,,,,,,,,,
2023-03-24,20230324,吴中,多云-霾,10,6,111,3,东北风,3级,轻度污染,,,,,,,,,,,
2023-03-25,20230325,吴中,多云,10,6,56,2,北风,2级,良,,,,,,,,,,,
2023-03-26,20230326,吴中,多云-晴,15,6,64,2,北风,2级,良,,,,,,,,,,,
2023-03-27,20230327,吴中,霾,18,7,96,2,东南风,2级,良,,,,,,,,,,,
2023-03-28,20230328,吴中,雾-晴,19,8,76,2,东南风,2级,良,,,,,,,,,,,
2023-03-29,20230329,吴中,多云,17,11,58,2,东南风,2级,良,,,,,,,,,,,
2023-03-30,20230330,吴中,雨-多云,14,11,57,2,东风,2级,良,,,,,,,,,,,
2023-03-31,20230331,吴中,雾-多云,16,12,72,2,东风,1级,良,,,,,,,,,,,
2023-04-01,20230401,吴中,多云-晴,21,13,52,2,东风,2级,良,,,,,,,,,,,
2023-04-02,20230402,吴中,晴,23,11,54,2,东风,3级,良,,,,,,,,,,,
2023-04-03,20230403,吴中,多云,18,13,50,1,东南风,4级,优,,,,,,,,,,,
2023-04-04,20230404,吴中,雾-多云,22,15,34,1,东南风,4级,优,,,,,,,,,,,
2023-04-05,20230405,吴中,多云-雾,15,11,38,1,西风,3级,优,,,,,,,,,,,
2023-04-06,20230406,吴中,多云,13,10,52,2,西风,2级,良,,,,,,,,,,,
2023-04-07,20230407,吴中,多云-雾,17,10,65,2,西北风,2级,良,,,,,,,,,,,
2023-04-08,20230408,吴中,晴,19,8,63,2,无持续风向,1级,良,,,,,,,,,,,
2023-04-09,20230409,吴中,晴,22,10,53,2,东南风,2级,良,,,,,,,,,,,
2023-04-10,20230410,吴中,雾-多云,26,12,63,2,东南风,2级,良,,,,,,,,,,,
2023-04-11,20230411,吴中,多云,25,17,86,2,无持续风向,2级,良,,,,,,,,,,,
2023-04-12,20230412,吴中,多云-霾,22,14,232,5,东风,3级,重度污染,,,,,,,,,,,
2023-04-13,20230413,吴中,多云-霾,20,12,140,3,东南风,2级,轻度污染,,,,,,,,,,,
2023-04-14,20230414,吴中,霾,24,16,94,2,无持续风向,2级,良,,,,,,,,,,,
2023-04-15,20230415,吴中,霾,23,15,63,2,西北风,2级,良,,,,,,,,,,,
2023-04-16,20230416,吴中,雾-晴,25,14,77,2,东风,2级,良,,,,,,,,,,,
2023-04-17,20230417,吴中,晴-雾,27,16,75,2,东南风,3级,良,,,,,,,,,,,
2023-04-18,20230418,吴中,雾-多云,33,21,76,2,南风,2级,良,,,,,,,,,,,
2023-04-19,20230419,吴中,多云,25,19,48,1,东北风,2级,优,,,,,,,,,,,
2023-04-20,20230420,吴中,多云,23,17,36,1,东风,2级,优,,,,,,,,,,,
2023-04-21,20230421,吴中,多云,20,13,45,1,东北风,3级,优,,,,,,,,,,,
2023-04-22,20230422,吴中,晴-多云,20,11,75,2,东北风,2级,良,,,,,,,,,,,
2023-04-23,20230423,吴中,小雨-多云,15,12,89,2,东风,3级,良,,,,,,,,,,,
2023-04-24,20230424,吴中,多云,15,11,49,1,东北风,3级,优,,,,,,,,,,,
2023-04-25,20230425,吴中,多云,17,12,47,1,西风,3级,优,,,,,,,,,,,
2023-04-26,20230426,吴中,多云-晴,21,12,65,2,西风,2级,良,,,,,,,,,,,
2023-04-27,20230427,吴中,多云,22,14,68,2,东南风,3级,良,,,,,,,,,,,
2023-04-28,20230428,吴中,多云-雾,26,16,67,2,西南风,2级,良,,,,,,,,,,,
2023-04-29,20230429,吴中,多云,21,13,67,2,西风,3级,良,,,,,,,,,,,
2023-04-30,20230430,吴中,多云-晴,24,11,67,2,西南风,1级,良,,,,,,,,,,,
2023-05-01,20230501,吴中,晴-雾,28,14,67,2,东南风,1级,良,,,,,,,,,,,
2023-05-02,20230502,吴中,雾,25,16,67,2,东南风,3级,良,,,,,,,,,,,
2023-05-03,20230503,吴中,多云,28,20,67,2,东南风,3级,良,,,,,,,,,,,
2023-05-04,20230504,吴中,雾-多云,31,22,67,2,东南风,2级,良,,,,,,,,,,,
2023-05-05,20230505,吴中,多云,24,20,46,1,西风,2级,优,,,,,,,,,,,
2023-05-06,20230506,吴中,多云,20,16,41,1,东北风,2级,优,,,,,,,,,,,
2023-05-07,20230507,吴中,多云,18,14,28,1,北风,2级,优,,,,,,,,,,,
2023-05-08,20230508,吴中,多云,20,13,37,1,东北风,2级,优,,,,,,,,,,,
2023-05-09,20230509,吴中,晴-多云,23,11,50,1,东风,2级,优,,,,,,,,,,,
2023-05-10,20230510,吴中,多云,21,14,44,1,东风,2级,优,,,,,,,,,,,
2023-05-11,20230511,吴中,多云,19,16,52,2,西风,1级,良,,,,,,,,,,,
2023-05-12,20230512,吴中,多云,23,16,61,2,西风,1级,良,,,,,,,,,,,
2023-05-13,20230513,吴中,晴-多云,27,16,73,2,西风,1级,良,,,,,,,,,,,
2023-05-14,20230514,吴中,晴,31,20,70,2,西风,1级,良,,,,,,,,,,,
2023-05-15,20230515,吴中,晴,33,20,68,2,无持续风向,3级,良,,,,,,,,,,,
2023-05-16,20230516,吴中,多云,31,23,65,2,东南风,3级,良,,,,,,,,,,,
2023-05-17,20230517,吴中,雨-多云,26,19,29,1,东南风,2级,优,,,,,,,,,,,
2023-05-18,20230518,吴中,多云-雾,21,19,34,1,西北风,2级,优,,,,,,,,,,,
2023-05-19,20230519,吴中,多云-晴,24,18,31,1,北风,1级,优,,,,,,,,,,,
2023-05-20,20230520,吴中,雾-多云,24,17,46,1,东南风,2级,优,,,,,,,,,,,
2023-05-21,20230521,吴中,雾-霾,27,19,53,2,东风,2级,良,,,,,,,,,,,
2023-05-22,20230522,吴中,雨-多云,20,14,59,2,东北风,3级,良,,,,,,,,,,,
2023-05-23,20230523,吴中,雾-晴,26,15,86,2,无持续风向,2级,良,,,,,,,,,,,
2023-05-24,20230524,吴中,多云,19,17,69,2,东南风,2级,良,,,,,,,,,,,
2023-05-25,20230525,吴中,雾-多云,28,15,64,2,东南风,2级,良,,,,,,,,,,,
2023-05-26,20230526,吴中,雾-霾,29,20,60,2,东南风,2级,良,,,,,,,,,,,
2023-05-27,20230527,吴中,多云,29,22,41,1,东南风,2级,优,,,,,,,,,,,
2023-05-28,20230528,吴中,晴-多云,34,24,58,2,东南风,2级,良,,,,,,,,,,,
2023-05-29,20230529,吴中,多云,35,24,57,2,东风,2级,良,,,,,,,,,,,
2023-05-30,20230530,吴中,雾-霾,28,22,43,1,东北风,2级,优,,,,,,,,,,,
2023-05-31,20230531,吴中,多云,25,21,31,1,东北风,2级,优,,,,,,,,,,,
2023-06-01,20230601,吴中,多云,28,22,47,1,东北风,2级,优,,,,,,,,,,,
2023-06-02,20230602,吴中,多云,32,22,46,1,无持续风向,2级,优,,,,,,,,,,,
2023-06-03,20230603,吴中,多云,27,22,46,1,东风,3级,优,,,,,,,,,,,
2023-06-04,20230604,吴中,多云,26,21,46,1,东风,3级,优,,,,,,,,,,,
2023-06-05,20230605,吴中,多云,22,18,44,1,西北风,2级,优,,,,,,,,,,,
2023-06-06,20230606,吴中,雨-多云,24,17,38,1,西北风,2级,优,,,,,,,,,,,
2023-06-07,20230607,吴中,多云,28,18,61,2,南风,2级,良,,,,,,,,,,,
2023-06-08,20230608,吴中,多云,31,21,47,1,西风,2级,优,,,,,,,,,,,
2023-06-09,20230609,吴中,多云-晴,34,24,82,2,西南风,2级,良,,,,,,,,,,,
2023-06-10,20230610,吴中,多云,34,24,72,2,无持续风向,1级,良,,,,,,,,,,,
2023-06-11,20230611,吴中,多云,28,23,52,2,东北风,2级,良,,,,,,,,,,,
2023-06-12,20230612,吴中,雾-多云,28,21,39,1,东风,2级,优,,,,,,,,,,,
2023-06-13,20230613,吴中,多云,26,22,29,1,东风,2级,优,,,,,,,,,,,
2023-06-14,20230614,吴中,雾-多云,31,22,61,2,西风,2级,良,,,,,,,,,,,
2023-06-15,20230615,吴中,雾-多云,31,21,87,2,无持续风向,2级,良,,,,,,,,,,,
2023-06-16,20230616,吴中,多云,29,23,66,2,东南风,2级,良,,,,,,,,,,,
2023-06-17,20230617,吴中,多云,24,21,32,1,东风,2级,优,,,,,,,,,,,
2023-06-18,20230618,吴中,多云,25,22,21,1,东风,2级,优,,,,,,,,,,,
2023-06-19,20230619,吴中,多云,26,23,21,1,东风,2级,优,,,,,,,,,,,
2023-06-20,20230620,吴中,多云,30,24,31,1,西风,2级,优,,,,,,,,,,,
2023-06-21,20230621,吴中,多云,32,24,84,2,北风,2级,良,,,,,,,,,,,
2023-06-22,20230622,吴中,多云,31,25,70,2,无持续风向,1级,良,,,,,,,,,,,
2023-06-23,20230623,吴中,雨-多云,28,21,55,2,东南风,3级,良,,,,,,,,,,,
2023-06-24,20230624,吴中,雨,23,19,25,1,东风,3级,优,,,,,,,,,,,
2023-06-25,20230625,吴中,雨-多云,27,23,27,1,无持续风向,1级,优,,,,,,,,,,,
2023-06-26,20230626,吴中,多云,29,24,21,1,南风,2级,优,,,,,,,,,,,
2023-06-27,20230627,吴中,多云,32,25,32,1,南风,2级,优,,,,,,,,,,,
2023-06-28,20230628,吴中,晴-多云,35,26,39,1,南风,2级,优,,,,,,,,,,,
2023-06-29,20230629,吴中,多云,34,29,38,1,西南风,2级,优,,,,,,,,,,,
2023-06-30,20230630,吴中,中雨-多云,31,24,27,1,西风,2级,优,,,,,,,,,,,
2023-07-01,20230701,吴中,雨-多云,34,24,28,1,无持续风向,1级,优,,,,,,,,,,,
2023-07-02,20230702,吴中,雨-多云,34,24,52,2,无持续风向,2级,良,,,,,,,,,,,
2023-07-03,20230703,吴中,多云,34,25,33,1,无持续风向,1级,优,,,,,,,,,,,
2023-07-04,20230704,吴中,多云,34,28,32,1,西风,3级,优,,,,,,,,,,,
2023-07-05,20230705,吴中,雨-多云,32,24,40,1,西风,2级,优,,,,,,,,,,,
2023-07-06,20230706,吴中,晴-多云,34,27,45,1,南风,2级,优,,,,,,,,,,,
2023-07-07,20230707,吴中,雨-多云,33,27,28,1,无持续风向,2级,优,,,,,,,,,,,
2023-07-08,20230708,吴中,小雨-多云,30,26,25,1,西风,2级,优,,,,,,,,,,,
2023-07-09,20230709,吴中,霾-多云,33,28,45,1,西南风,1级,优,,,,,,,,,,,
2023-07-10,20230710,吴中,小雨-多云,31,23,28,1,东南风,2级,优,,,,,,,,,,,
2023-07-11,20230711,吴中,多云,37,26,45,1,无持续风向,2级,优,,,,,,,,,,,
2023-07-12,20230712,吴中,晴-多云,37,29,54,2,东南风,2级,良,,,,,,,,,,,
2023-07-13,20230713,吴中,多云,33,30,46,1,西南风,2级,优,,,,,,,,,,,
2023-07-14,20230714,吴中,多云,36,29,48,1,西风,2级,优,,,,,,,,,,,
2023-07-15,20230715,吴中,阴-多云,34,28,38,1,西风,2级,优,,,,,,,,,,,
2023-07-16,20230716,吴中,中雨-多云,32,24,35,1,无持续风向,2级,优,,,,,,,,,,,
2023-07-17,20230717,吴中,雨-阴,31,25,18,1,东风,2级,优,,,,,,,,,,,
2023-07-18,20230718,吴中,多云-阴,32,26,25,1,东北风,2级,优,,,,,,,,,,,
2023-07-19,20230719,吴中,多云,31,26,23,1,东风,2级,优,,,,,,,,,,,
2023-07-20,20230720,吴中,阴,30,25,24,1,无持续风向,2级,优,,,,,,,,,,,
2023-07-21,20230721,吴中,大雨-多云,34,25,29,1,无持续风向,1级,优,,,,,,,,,,,
2023-07-22,20230722,吴中,中雨-阴,31,25,18,1,南风,2级,优,,,,,,,,,,,
2023-07-23,20230723,吴中,阴-多云,33,25,25,1,无持续风向,2级,优,,,,,,,,,,,
2023-07-24,20230724,吴中,霾-多云,35,27,38,1,东南风,1级,优,,,,,,,,,,,
2023-07-25,20230725,吴中,多云,33,27,31,1,东南风,2级,优,,,,,,,,,,,
2023-07-26,20230726,吴中,阴-多云,32,28,28,1,东南风,3级,优,,,,,,,,,,,
2023-07-27,20230727,吴中,晴-多云,31,27,28,1,东南风,3级,优,,,,,,,,,,,
2023-07-28,20230728,吴中,中雨-阴,29,25,28,1,东风,4级,优,,,,,,,,,,,
2023-07-29,20230729,吴中,雨-阴,30,27,28,1,东南风,4级,优,,,,,,,,,,,
2023-07-30,20230730,吴中,多云-阴,32,27,28,1,东南风,3级,优,,,,,,,,,,,
2023-07-31,20230731,吴中,阴-多云,33,27,28,1,东南风,3级,优,,,,,,,,,,,
2023-08-01,20230801,吴中,雨-多云,30,25,28,1,东风,2级,优,,,,,,,,,,,
2023-08-02,20230802,吴中,多云-阴,33,27,28,1,东风,2级,优,,,,,,,,,,,
2023-08-03,20230803,吴中,多云,32,27,28,1,东北风,3级,优,,,,,,,,,,,
2023-08-04,20230804,吴中,多云-阴,33,27,28,1,东北风,2级,优,,,,,,,,,,,
2023-08-05,20230805,吴中,多云-晴,34,27,28,1,东北风,2级,优,,,,,,,,,,,
2023-08-06,20230806,吴中,多云-阴,35,28,28,1,无持续风向,1级,优,,,,,,,,,,,
2023-08-07,20230807,吴中,多云-阴,33,28,28,1,东北风,2级,优,,,,,,,,,,,
2023-08-08,20230808,吴中,多云-阴,32,26,28,1,东北风,2级,优,,,,,,,,,,,
2023-08-09,20230809,吴中,多云-阴,33,26,33,1,北风,2级,优,,,,,,,,,,,
2023-08-10,20230810,吴中,多云-晴,33,26,64,2,西北风,2级,良,,,,,,,,,,,
2023-08-11,20230811,吴中,晴,34,27,83,2,西风,1级,良,,,,,,,,,,,
2023-08-12,20230812,吴中,晴,37,28,99,2,东南风,2级,良,,,,,,,,,,,
2023-08-13,20230813,吴中,多云,36,27,55,2,东南风,2级,良,,,,,,,,,,,
2023-08-14,20230814,吴中,多云-晴,34,28,35,1,东北风,2级,优,,,,,,,,,,,
2023-08-15,20230815,吴中,多云-阴,31,28,28,1,东风,2级,优,,,,,,,,,,,
2023-08-16,20230816,吴中,雨-多云,33,26,44,1,北风,1级,优,,,,,,,,,,,
2023-08-17,20230817,吴中,阴-多云,32,24,38,1,无持续风向,2级,优,,,,,,,,,,,
2023-08-18,20230818,吴中,多云,32,25,41,1,东风,2级,优,,,,,,,,,,,
2023-08-19,20230819,吴中,多云,32,26,36,1,东风,2级,优,,,,,,,,,,,
2023-08-20,20230820,吴中,阴,33,27,30,1,东南风,3级,优,,,,,,,,,,,
2023-08-21,20230821,吴中,多云-晴,35,28,33,1,西南风,2级,优,,,,,,,,,,,
2023-08-22,20230822,吴中,雨-多云,32,25,36,1,西风,1级,优,,,,,,,,,,,
2023-08-23,20230823,吴中,阴-晴,31,25,45,1,无持续风向,2级,优,,,,,,,,,,,
2023-08-24,20230824,吴中,多云-晴,33,25,64,2,东北风,1级,良,,,,,,,,,,,
2023-08-25,20230825,吴中,多云-晴,32,26,58,2,东风,2级,良,,,,,,,,,,,
2023-08-26,20230826,吴中,多云,32,25,43,1,东风,2级,优,,,,,,,,,,,
2023-08-27,20230827,吴中,多云-阴,32,27,27,1,东南风,3级,优,,,,,,,,,,,
2023-08-28,20230828,吴中,阴-多云,31,23,20,1,无持续风向,2级,优,,,,,,,,,,,
2023-08-29,20230829,吴中,阴,24,21,28,1,北风,2级,优,,,,,,,,,,,
2023-08-30,20230830,吴中,雨-阴,24,19,25,1,北风,2级,优,,,,,,,,,,,
2023-08-31,20230831,吴中,阴,26,21,38,1,无持续风向,2级,优,,,,,,,,,,,
2023-09-01,20230901,吴中,多云-晴,29,21,29,1,东北风,2级,优,,,,,,,,,,,
2023-09-02,20230902,吴中,晴,30,22,41,1,东风,2级,优,,,,,,,,,,,
2023-09-03,20230903,吴中,多云-阴,30,24,44,1,东北风,2级,优,,,,,,,,,,,
2023-09-04,20230904,吴中,阴-多云,32,25,23,1,东风,2级,优,,,,,,,,,,,
2023-09-05,20230905,吴中,多云,29,25,28,1,东风,2级,优,,,,,,,,,,,
2023-09-06,20230906,吴中,多云-晴,32,25,28,1,东北风,2级,优,,,,,,,,,,,
2023-09-07,20230907,吴中,多云-晴,31,24,44,1,东风,2级,优,,,,,,,,,,,
2023-09-08,20230908,吴中,多云-晴,32,24,50,1,东风,2级,优,,,,,,,,,,,
2023-09-09,20230909,吴中,阴-晴,31,23,40,1,东风,2级,优,,,,,,,,,,,
2023-09-10,20230910,吴中,晴,31,23,47,1,东风,2级,优,,,,,,,,,,,
2023-09-11,20230911,吴中,多云-晴,32,25,56,2,东风,2级,良,,,,,,,,,,,
2023-09-12,20230912,吴中,雨-阴,27,25,35,1,东风,2级,优,,,,,,,,,,,
2023-09-13,20230913,吴中,中雨-多云,25,22,24,1,东北风,2级,优,,,,,,,,,,,
2023-09-14,20230914,吴中,阴,25,22,23,1,北风,2级,优,,,,,,,,,,,
2023-09-15,20230915,吴中,阴,23,23,22,1,北风,1级,优,,,,,,,,,,,
2023-09-16,20230916,吴中,阴,28,23,22,1,无持续风向,1级,优,,,,,,,,,,,
2023-09-17,20230917,吴中,多云-晴,31,22,43,1,无持续风向,1级,优,,,,,,,,,,,
2023-09-18,20230918,吴中,阴-晴,33,24,67,2,东风,2级,良,,,,,,,,,,,
2023-09-19,20230919,吴中,多云,34,26,43,1,东南风,2级,优,,,,,,,,,,,
2023-09-20,20230920,吴中,阴-多云,29,23,32,1,无持续风向,2级,优,,,,,,,,,,,
2023-09-21,20230921,吴中,雨-阴,24,20,26,1,东北风,2级,优,,,,,,,,,,,
2023-09-22,20230922,吴中,小雨,22,20,23,1,东北风,2级,优,,,,,,,,,,,
2023-09-23,20230923,吴中,中雨-小雨,22,18,21,1,东北风,2级,优,,,,,,,,,,,
2023-09-24,20230924,吴中,小雨-阴,23,21,28,1,东风,2级,优,,,,,,,,,,,
2023-09-25,20230925,吴中,阴-多云,29,22,55,2,西北风,2级,良,,,,,,,,,,,
2023-09-26,20230926,吴中,多云-阴,28,23,50,1,北风,1级,优,,,,,,,,,,,
2023-09-27,20230927,吴中,多云-阴,29,24,56,2,无持续风向,1级,良,,,,,,,,,,,
2023-09-28,20230928,吴中,阴,28,24,60,2,东北风,2级,良,,,,,,,,,,,
2023-09-29,20230929,吴中,多云-阴,29,23,48,1,无持续风向,2级,优,,,,,,,,,,,
2023-09-30,20230930,吴中,雨-多云,25,21,45,1,北风,2级,优,,,,,,,,,,,
2023-10-01,20231001,吴中,晴,26,19,29,1,东风,3级,优,,,,,,,,,,,
2023-10-02,20231002,吴中,晴-阴,24,19,27,1,东风,2级,优,,,,,,,,,,,
2023-10-03,20231003,吴中,多云,22,21,26,1,东风,2级,优,,,,,,,,,,,
2023-10-04,20231004,吴中,晴-阴,25,20,28,1,东北风,2级,优,,,,,,,,,,,
2023-10-05,20231005,吴中,阴-多云,24,18,35,1,东北风,3级,优,,,,,,,,,,,
2023-10-06,20231006,吴中,晴-阴,23,17,31,1,东北风,2级,优,,,,,,,,,,,
2023-10-07,20231007,吴中,小雨-阴,20,16,26,1,东北风,2级,优,,,,,,,,,,,
2023-10-08,20231008,吴中,雨-多云,21,15,25,1,北风,2级,优,,,,,,,,,,,
2023-10-09,20231009,吴中,多云,23,17,50,1,北风,1级,优,,,,,,,,,,,
2023-10-10,20231010,吴中,多云,22,18,65,2,北风,1级,良,,,,,,,,,,,
2023-10-11,20231011,吴中,晴,23,16,40,1,北风,2级,优,,,,,,,,,,,
2023-10-12,20231012,吴中,晴,23,16,40,1,东风,2级,优,,,,,,,,,,,
2023-10-13,20231013,吴中,阴-多云,18,17,27,1,无持续风向,2级,优,,,,,,,,,,,
2023-10-14,20231014,吴中,晴,23,16,50,1,西风,1级,优,,,,,,,,,,,
2023-10-15,20231015,吴中,晴,25,16,54,2,西风,1级,良,,,,,,,,,,,
2023-10-16,20231016,吴中,晴,27,16,73,2,北风,2级,良,,,,,,,,,,,
2023-10-17,20231017,吴中,霾,26,16,87,2,东风,2级,良,,,,,,,,,,,
2023-10-18,20231018,吴中,霾-晴,26,18,65,2,东南风,2级,良,,,,,,,,,,,
2023-10-19,20231019,吴中,晴,28,17,68,2,无持续风向,1级,良,,,,,,,,,,,
2023-10-20,20231020,吴中,雨-晴,21,14,33,1,西北风,2级,优,,,,,,,,,,,
2023-10-21,20231021,吴中,晴,21,12,42,1,北风,1级,优,,,,,,,,,,,
2023-10-22,20231022,吴中,晴,22,12,51,2,东风,2级,良,,,,,,,,,,,
2023-10-23,20231023,吴中,晴,25,14,42,1,无持续风向,1级,优,,,,,,,,,,,
2023-10-24,20231024,吴中,晴,26,17,42,1,无持续风向,1级,优,,,,,,,,,,,
2023-10-25,20231025,吴中,晴-多云,26,16,82,2,北风,2级,良,,,,,,,,,,,
2023-10-26,20231026,吴中,晴,28,18,91,2,无持续风向,1级,良,,,,,,,,,,,
2023-10-27,20231027,吴中,多云,23,18,78,2,东风,2级,良,,,,,,,,,,,
2023-10-28,20231028,吴中,阴-多云,24,15,28,1,东风,2级,优,,,,,,,,,,,
2023-10-29,20231029,吴中,晴,24,15,43,1,东风,2级,优,,,,,,,,,,,
2023-10-30,20231030,吴中,晴,26,16,47,1,东风,2级,优,,,,,,,,,,,
2023-10-31,20231031,吴中,晴,26,17,62,2,东南风,2级,良,,,,,,,,,,,
2023-11-01,20231101,吴中,晴,28,17,56,2,南风,2级,良,,,,,,,,,,,
2023-11-02,20231102,吴中,晴,27,17,42,1,东南风,2级,优,,,,,,,,,,,
2023-11-03,20231103,吴中,晴-多云,28,18,49,1,无持续风向,1级,优,,,,,,,,,,,
2023-11-04,20231104,吴中,阴-多云,27,19,44,1,东风,2级,优,,,,,,,,,,,
2023-11-05,20231105,吴中,雨-晴,29,17,34,1,南风,4级,优,,,,,,,,,,,
2023-11-06,20231106,吴中,晴-多云,17,12,31,1,西风,4级,优,,,,,,,,,,,
2023-11-07,20231107,吴中,晴,19,10,53,2,东风,2级,良,,,,,,,,,,,
2023-11-08,20231108,吴中,晴-阴,21,12,57,2,南风,2级,良,,,,,,,,,,,
2023-11-09,20231109,吴中,晴-阴,19,14,65,2,东北风,2级,良,,,,,,,,,,,
2023-11-10,20231110,吴中,雨-阴,17,12,35,1,东北风,2级,优,,,,,,,,,,,
2023-11-11,20231111,吴中,阴,14,10,26,1,东北风,3级,优,,,,,,,,,,,
2023-11-12,20231112,吴中,晴,11,6,41,1,北风,2级,优,,,,,,,,,,,
2023-11-13,20231113,吴中,晴,11,4,34,1,西北风,2级,优,,,,,,,,,,,
2023-11-14,20231114,吴中,晴,13,6,55,2,无持续风向,1级,良,,,,,,,,,,,
2023-11-15,20231115,吴中,晴-霾,16,6,92,2,东风,2级,良,,,,,,,,,,,
2023-11-16,20231116,吴中,雨-晴,13,8,95,2,西风,3级,良,,,,,,,,,,,
2023-11-17,20231117,吴中,晴,15,7,97,2,西风,2级,良,,,,,,,,,,,
2023-11-18,20231118,吴中,晴,13,5,51,2,西风,2级,良,,,,,,,,,,,
2023-11-19,20231119,吴中,晴,19,5,55,2,无持续风向,2级,良,,,,,,,,,,,
2023-11-20,20231120,吴中,晴,20,7,79,2,东风,2级,良,,,,,,,,,,,
2023-11-21,20231121,吴中,晴,22,10,83,2,东南风,2级,良,,,,,,,,,,,
2023-11-22,20231122,吴中,晴,23,10,70,2,无持续风向,1级,良,,,,,,,,,,,
2023-11-23,20231123,吴中,晴-霾,20,10,120,3,西风,2级,轻度污染,,,,,,,,,,,
2023-11-24,20231124,吴中,晴,11,5,50,1,北风,2级,优,,,,,,,,,,,
2023-11-25,20231125,吴中,晴,14,5,34,1,东风,3级,优,,,,,,,,,,,
2023-11-26,20231126,吴中,多云,14,8,48,1,西风,2级,优,,,,,,,,,,,
2023-11-27,20231127,吴中,霾-晴,16,8,87,2,西风,2级,良,,,,,,,,,,,
2023-11-28,20231128,吴中,晴-霾,16,8,94,2,无持续风向,2级,良,,,,,,,,,,,
2023-11-29,20231129,吴中,多云-晴,19,10,88,2,无持续风向,2级,良,,,,,,,,,,,
2023-11-30,20231130,吴中,晴-阴,10,5,35,1,北风,2级,优,,,,,,,,,,,
2023-12-01,20231201,吴中,晴,8,2,47,1,西北风,2级,优,,,,,,,,,,,
2023-12-02,20231202,吴中,晴,12,1,59,2,北风,2级,良,,,,,,,,,,,
2023-12-03,20231203,吴中,晴,12,2,81,2,北风,2级,良,,,,,,,,,,,
2023-12-04,20231204,吴中,晴-霾,12,4,104,3,无持续风向,2级,轻度污染,,,,,,,,,,,
2023-12-05,20231205,吴中,霾,16,4,109,3,北风,2级,轻度污染,,,,,,,,,,,
2023-12-06,20231206,吴中,霾-晴,17,7,86,2,西风,1级,良,,,,,,,,,,,
2023-12-07,20231207,吴中,晴,19,6,104,3,南风,2级,轻度污染,,,,,,,,,,,
2023-12-08,20231208,吴中,晴,22,9,74,2,南风,1级,良,,,,,,,,,,,
2023-12-09,20231209,吴中,霾-多云,23,11,84,2,东风,2级,良,,,,,,,,,,,
2023-12-10,20231210,吴中,雾-霾,15,12,80,2,北风,2级,良,,,,,,,,,,,
2023-12-11,20231211,吴中,霾-雾,12,5,23,1,西北风,2级,优,,,,,,,,,,,
2023-12-12,20231212,吴中,阴-霾,6,4,46,1,西北风,2级,优,,,,,,,,,,,
2023-12-13,20231213,吴中,多云-霾,13,5,60,2,东南风,2级,良,,,,,,,,,,,
2023-12-14,20231214,吴中,雾-霾,20,12,74,2,无持续风向,2级,良,,,,,,,,,,,
2023-12-15,20231215,吴中,阴-雾,13,2,54,2,西北风,3级,良,,,,,,,,,,,
2023-12-16,20231216,吴中,晴-雨夹雪,1,-1,45,1,西北风,3级,优,,,,,,,,,,,
2023-12-17,20231217,吴中,晴,1,-3,32,1,北风,2级,优,,,,,,,,,,,
2023-12-18,20231218,吴中,阴-雨夹雪,2,0,28,1,东北风,2级,优,,,,,,,,,,,
2023-12-19,20231219,吴中,雨夹雪-雾,3,1,45,1,西北风,2级,优,,,,,,,,,,,
2023-12-20,20231220,吴中,晴,3,-2,71,2,西北风,2级,良,,,,,,,,,,,
2023-12-21,20231221,吴中,晴,-1,-4,45,1,西北风,3级,优,,,,,,,,,,,
2023-12-22,20231222,吴中,晴,-1,-5,47,1,西北风,2级,优,,,,,,,,,,,
2023-12-23,20231223,吴中,多云-阴,2,-2,52,2,西风,1级,良,,,,,,,,,,,
2023-12-24,20231224,吴中,晴,5,-3,81,2,西风,2级,良,,,,,,,,,,,
2023-12-25,20231225,吴中,雾-霾,4,-2,107,3,无持续风向,1级,轻度污染,,,,,,,,,,,
2023-12-26,20231226,吴中,雾-霾,10,-1,113,3,东风,2级,轻度污染,,,,,,,,,,,
2023-12-27,20231227,吴中,霾,13,4,120,3,无持续风向,1级,轻度污染,,,,,,,,,,,
2023-12-28,20231228,吴中,雾-霾,13,2,186,4,东北风,2级,中度污染,,,,,,,,,,,
2023-12-29,20231229,吴中,雾,12,6,133,3,东风,2级,轻度污染,,,,,,,,,,,
2023-12-30,20231230,吴中,雾-雨,9,6,116,3,西风,2级,轻度污染,,,,,,,,,,,
2023-12-31,20231231,吴中,雾,7,3,203,5,北风,2级,重度污染,,,,,,,,,,,
2024-01-01,20240101,吴中,霾-晴,8,1,125,3,北风,1级,轻度污染,,,,,,,,,,,
2024-01-02,20240102,吴中,晴,10,1,75,2,东风,2级,良,,,,,,,,,,,
2024-01-03,20240103,吴中,雾-霾,6,1,94,2,西风,2级,良,,,,,,,,,,,
2024-01-04,20240104,吴中,雾-霾,12,1,120,3,东南风,2级,轻度污染,,,,,,,,,,,
2024-01-05,20240105,吴中,雾-霾,15,4,103,3,无持续风向,2级,轻度污染,,,,,,,,,,,
2024-01-06,20240106,吴中,雾-霾,13,3,189,4,北风,1级,中度污染,,,,,,,,,,,
2024-01-07,20240107,吴中,雾-晴,7,2,112,3,北风,2级,轻度污染,,,,,,,,,,,
2024-01-08,20240108,吴中,晴-阴,8,1,29,1,东风,2级,优,,,,,,,,,,,
2024-01-09,20240109,吴中,雾-霾,12,3,86,2,西风,1级,良,,,,,,,,,,,
2024-01-10,20240110,吴中,雾-霾,8,1,131,3,西北风,2级,轻度污染,,,,,,,,,,,
2024-01-11,20240111,吴中,雾-霾,12,1,123,3,西南风,2级,轻度污染,,,,,,,,,,,
2024-01-12,20240112,吴中,霾,16,3,120,3,北风,2级,轻度污染,,,,,,,,,,,
2024-01-13,20240113,吴中,霾,17,4,140,3,东南风,2级,轻度污染,,,,,,,,,,,
2024-01-14,20240114,吴中,雾-霾,19,6,132,3,无持续风向,2级,轻度污染,,,,,,,,,,,
2024-01-15,20240115,吴中,阴-晴,7,2,45,1,东北风,2级,优,,,,,,,,,,,
2024-01-16,20240116,吴中,晴-阴,10,1,31,1,东南风,3级,优,,,,,,,,,,,
2024-01-17,20240117,吴中,晴,17,8,48,1,无持续风向,2级,优,,,,,,,,,,,
2024-01-18,20240118,吴中,雨-多云,9,7,65,2,北风,2级,良,,,,,,,,,,,
2024-01-19,20240119,吴中,雨,8,5,39,1,东北风,2级,优,,,,,,,,,,,
2024-01-20,20240120,吴中,雾-雨,5,3,43,1,西北风,3级,优,,,,,,,,,,,
2024-01-21,20240121,吴中,阴-雾,4,1,66,2,西北风,2级,良,,,,,,,,,,,
2024-01-22,20240122,吴中,阴,1,-3,43,1,北风,3级,优,,,,,,,,,,,
2024-01-23,20240123,吴中,晴,-1,-5,34,1,西北风,3级,优,,,,,,,,,,,
2024-01-24,20240124,吴中,晴,4,-3,47,1,西风,3级,优,,,,,,,,,,,
2024-01-25,20240125,吴中,晴,6,-1,62,2,西风,2级,良,,,,,,,,,,,
2024-01-26,20240126,吴中,晴,7,-1,88,2,西风,2级,良,,,,,,,,,,,
2024-01-27,20240127,吴中,雾-霾,7,1,117,3,西风,1级,轻度污染,,,,,,,,,,,
2024-01-28,20240128,吴中,霾-晴,10,1,114,3,西风,2级,轻度污染,,,,,,,,,,,
2024-01-29,20240129,吴中,霾,10,2,127,3,东南风,3级,轻度污染,,,,,,,,,,,
2024-01-30,20240130,吴中,阴,10,7,61,2,东风,2级,良,,,,,,,,,,,
2024-01-31,20240131,吴中,雾-雨,10,9,33,1,东北风,2级,优,,,,,,,,,,,
2024-02-01,20240201,吴中,雨-雾,9,3,22,1,东北风,3级,优,,,,,,,,,,,
2024-02-02,20240202,吴中,阴,4,1,26,1,东北风,2级,优,,,,,,,,,,,
2024-02-03,20240203,吴中,雨-雾,4,2,26,1,北风,2级,优,,,,,,,,,,,
2024-02-04,20240204,吴中,中雨-阴,3,2,39,1,西北风,2级,优,,,,,,,,,,,
2024-02-05,20240205,吴中,雾-阴,2,0,47,1,西北风,3级,优,,,,,,,,,,,
2024-02-06,20240206,吴中,阴,2,1,87,2,北风,2级,良,,,,,,,,,,,
2024-02-07,20240207,吴中,阴-多云,5,2,59,2,北风,2级,良,,,,,,,,,,,
2024-02-08,20240208,吴中,晴,7,1,75,2,西风,2级,良,,,,,,,,,,,
2024-02-09,20240209,吴中,雾-霾,9,1,156,4,西风,2级,中度污染,,,,,,,,,,,
2024-02-10,20240210,吴中,雾-晴,13,1,239,5,西风,2级,重度污染,,,,,,,,,,,
2024-02-11,20240211,吴中,霾-晴,15,3,125,3,西风,2级,轻度污染,,,,,,,,,,,
2024-02-12,20240212,吴中,晴,18,4,86,2,东南风,2级,良,,,,,,,,,,,
2024-02-13,20240213,吴中,晴-多云,18,8,55,2,南风,2级,良,,,,,,,,,,,
2024-02-14,20240214,吴中,晴,23,11,55,2,南风,2级,良,,,,,,,,,,,
2024-02-15,20240215,吴中,阴-晴,14,4,69,2,北风,2级,良,,,,,,,,,,,
2024-02-16,20240216,吴中,晴,11,1,27,1,东南风,2级,优,,,,,,,,,,,
2024-02-17,20240217,吴中,晴,16,5,31,1,东南风,2级,优,,,,,,,,,,,
2024-02-18,20240218,吴中,晴,24,12,30,1,东南风,2级,优,,,,,,,,,,,
2024-02-19,20240219,吴中,雾,18,6,45,1,东北风,1级,优,,,,,,,,,,,
2024-02-20,20240220,吴中,雾-阴,7,6,18,1,东北风,3级,优,,,,,,,,,,,
2024-02-21,20240221,吴中,阴-雾,7,1,17,1,西北风,3级,优,,,,,,,,,,,
2024-02-22,20240222,吴中,雾-阴,1,0,31,1,西北风,2级,优,,,,,,,,,,,
2024-02-23,20240223,吴中,雾,1,-1,46,1,西北风,2级,优,,,,,,,,,,,
2024-02-24,20240224,吴中,阴-雾,1,0,55,2,西北风,3级,良,,,,,,,,,,,
2024-02-25,20240225,吴中,阴-多云,4,1,73,2,西北风,3级,良,,,,,,,,,,,
2024-02-26,20240226,吴中,霾-多云,8,1,92,2,东北风,2级,良,,,,,,,,,,,
2024-02-27,20240227,吴中,多云-晴,9,2,57,2,北风,2级,良,,,,,,,,,,,
2024-02-28,20240228,吴中,晴-阴,6,3,48,1,无持续风向,1级,优,,,,,,,,,,,
2024-02-29,20240229,吴中,阴-雾,5,4,26,1,西风,3级,优,,,,,,,,,,,
2024-03-01,20240301,吴中,阴-多云,5,2,41,1,东北风,2级,优,,,,,,,,,,,
2024-03-02,20240302,吴中,多云-晴,9,1,55,2,无持续风向,1级,良,,,,,,,,,,,
2024-03-03,20240303,吴中,晴,14,2,77,2,东南风,1级,良,,,,,,,,,,,
2024-03-04,20240304,吴中,晴-阴,11,8,47,1,东南风,3级,优,,,,,,,,,,,
2024-03-05,20240305,吴中,阴,11,7,34,1,西北风,2级,优,,,,,,,,,,,
2024-03-06,20240306,吴中,晴-多云,9,5,51,2,西北风,2级,良,,,,,,,,,,,
2024-03-07,20240307,吴中,晴,12,2,60,2,西风,1级,良,,,,,,,,,,,
2024-03-08,20240308,吴中,晴,12,5,101,3,西北风,2级,轻度污染,,,,,,,,,,,
2024-03-09,20240309,吴中,雾-晴,13,3,86,2,东风,2级,良,,,,,,,,,,,
2024-03-10,20240310,吴中,雾-晴,14,4,64,2,东南风,3级,良,,,,,,,,,,,
2024-03-11,20240311,吴中,多云-晴,17,8,54,2,西风,2级,良,,,,,,,,,,,
2024-03-12,20240312,吴中,晴,16,6,99,2,无持续风向,2级,良,,,,,,,,,,,
2024-03-13,20240313,吴中,晴,15,3,47,1,东南风,2级,优,,,,,,,,,,,
2024-03-14,20240314,吴中,阴,14,9,55,2,东风,1级,良,,,,,,,,,,,
2024-03-15,20240315,吴中,雾-多云,18,8,62,2,东南风,2级,良,,,,,,,,,,,
2024-03-16,20240316,吴中,阴-晴,23,12,41,1,东南风,2级,优,,,,,,,,,,,
2024-03-17,20240317,吴中,晴-雾,16,8,66,2,东北风,2级,良,,,,,,,,,,,
2024-03-18,20240318,吴中,阴,10,6,73,2,东北风,2级,良,,,,,,,,,,,
2024-03-19,20240319,吴中,雾-晴,18,6,66,2,西风,1级,良,,,,,,,,,,,
2024-03-20,20240320,吴中,晴,19,7,117,3,无持续风向,2级,轻度污染,,,,,,,,,,,
2024-03-21,20240321,吴中,晴,21,6,71,2,东南风,2级,良,,,,,,,,,,,
2024-03-22,20240322,吴中,晴,25,13,65,2,南风,2级,良,,,,,,,,,,,
2024-03-23,20240323,吴中,多云-阴,23,15,73,2,东风,2级,良,,,,,,,,,,,
2024-03-24,20240324,吴中,雾,19,13,82,2,东北风,2级,良,,,,,,,,,,,
2024-03-25,20240325,吴中,阴-雾,17,10,52,2,无持续风向,2级,良,,,,,,,,,,,
2024-03-26,20240326,吴中,阴-多云,16,10,29,1,西北风,2级,优,,,,,,,,,,,
2024-03-27,20240327,吴中,雾-多云,14,9,47,1,东南风,2级,优,,,,,,,,,,,
2024-03-28,20240328,吴中,雨-雾,15,11,42,1,西风,2级,优,,,,,,,,,,,
2024-03-29,20240329,吴中,雾-晴,28,11,47,1,南风,2级,优,,,,,,,,,,,
2024-03-30,20240330,吴中,多云-晴,31,16,71,2,无持续风向,2级,良,,,,,,,,,,,
2024-03-31,20240331,吴中,雾-多云,21,12,74,2,东北风,2级,良,,,,,,,,,,,
2024-04-01,20240401,吴中,霾-晴,25,12,84,2,东南风,2级,良,,,,,,,,,,,
2024-04-02,20240402,吴中,雨-阴,21,16,33,1,东南风,2级,优,,,,,,,,,,,
2024-04-03,20240403,吴中,多云-雾,20,12,27,1,无持续风向,3级,优,,,,,,,,,,,
2024-04-04,20240404,吴中,阴,18,11,51,2,东北风,2级,良,,,,,,,,,,,
2024-04-05,20240405,吴中,晴,19,9,43,1,东北风,2级,优,,,,,,,,,,,
2024-04-06,20240406,吴中,雾-阴,16,11,53,2,东风,2级,良,,,,,,,,,,,
2024-04-07,20240407,吴中,阴-多云,15,12,41,1,东风,2级,优,,,,,,,,,,,
2024-04-08,20240408,吴中,雨-多云,14,11,29,1,东北风,2级,优,,,,,,,,,,,
2024-04-09,20240409,吴中,雾-晴,22,10,62,2,东风,2级,良,,,,,,,,,,,
2024-04-10,20240410,吴中,多云-晴,21,12,56,2,东风,3级,良,,,,,,,,,,,
2024-04-11,20240411,吴中,阴,24,15,52,2,东风,2级,良,,,,,,,,,,,
2024-04-12,20240412,吴中,阴-雾,18,15,45,1,东风,2级,优,,,,,,,,,,,
2024-04-13,20240413,吴中,雾,19,15,32,1,东风,2级,优,,,,,,,,,,,
2024-04-14,20240414,吴中,阴,23,16,23,1,东南风,2级,优,,,,,,,,,,,
2024-04-15,20240415,吴中,雾-晴,28,18,57,2,无持续风向,2级,良,,,,,,,,,,,
2024-04-16,20240416,吴中,阴-多云,25,17,62,2,东风,2级,良,,,,,,,,,,,
2024-04-17,20240417,吴中,阴,17,12,25,1,东风,3级,优,,,,,,,,,,,
2024-04-18,20240418,吴中,雾-晴,22,10,74,2,无持续风向,1级,良,,,,,,,,,,,
2024-04-19,20240419,吴中,多云,22,13,93,2,东南风,3级,良,,,,,,,,,,,
2024-04-20,20240420,吴中,阴,22,16,52,2,西风,3级,良,,,,,,,,,,,
2024-04-21,20240421,吴中,多云,20,14,43,1,北风,2级,优,,,,,,,,,,,
2024-04-22,20240422,吴中,雾-多云,22,15,50,1,东风,2级,优,,,,,,,,,,,
2024-04-23,20240423,吴中,雨-多云,22,15,39,1,无持续风向,2级,优,,,,,,,,,,,
2024-04-24,20240424,吴中,晴,26,14,49,1,无持续风向,1级,优,,,,,,,,,,,
2024-04-25,20240425,吴中,晴-多云,24,16,43,1,东南风,2级,优,,,,,,,,,,,
2024-04-26,20240426,吴中,阴-多云,22,16,44,1,东风,2级,优,,,,,,,,,,,
2024-04-27,20240427,吴中,多云-阴,22,16,43,1,东风,2级,优,,,,,,,,,,,
2024-04-28,20240428,吴中,阴,21,18,30,1,东风,2级,优,,,,,,,,,,,
2024-04-29,20240429,吴中,阴-多云,23,16,37,1,北风,2级,优,,,,,,,,,,,
2024-04-30,20240430,吴中,阴-晴,17,12,37,1,东北风,3级,优,,,,,,,,,,,
2024-05-01,20240501,吴中,阴,22,11,43,1,西北风,2级,优,,,,,,,,,,,
2024-05-02,20240502,吴中,晴,21,12,41,1,东风,2级,优,,,,,,,,,,,
2024-05-03,20240503,吴中,多云,22,14,41,1,东风,3级,优,,,,,,,,,,,
2024-05-04,20240504,吴中,阴,18,16,38,1,东南风,3级,优,,,,,,,,,,,
2024-05-05,20240505,吴中,雾-阴,21,17,32,1,西风,2级,优,,,,,,,,,,,
2024-05-06,20240506,吴中,雾-多云,25,16,43,1,西风,3级,优,,,,,,,,,,,
2024-05-07,20240507,吴中,雾-晴,26,16,88,2,无持续风向,2级,良,,,,,,,,,,,
2024-05-08,20240508,吴中,晴,24,16,50,1,东北风,2级,优,,,,,,,,,,,
2024-05-09,20240509,吴中,晴-多云,23,14,35,1,东南风,3级,优,,,,,,,,,,,
2024-05-10,20240510,吴中,晴,28,15,44,1,东南风,3级,优,,,,,,,,,,,
2024-05-11,20240511,吴中,雾-阴,24,19,56,2,南风,2级,良,,,,,,,,,,,
2024-05-12,20240512,吴中,多云,22,16,62,2,东北风,2级,良,,,,,,,,,,,
2024-05-13,20240513,吴中,晴,27,14,84,2,北风,2级,良,,,,,,,,,,,
2024-05-14,20240514,吴中,晴,27,16,68,2,东南风,2级,良,,,,,,,,,,,
2024-05-15,20240515,吴中,晴,24,14,52,2,无持续风向,2级,良,,,,,,,,,,,
2024-05-16,20240516,吴中,晴,27,13,39,1,南风,2级,优,,,,,,,,,,,
2024-05-17,20240517,吴中,晴,31,17,68,2,东南风,2级,良,,,,,,,,,,,
2024-05-18,20240518,吴中,晴,30,19,48,1,东南风,2级,优,,,,,,,,,,,
2024-05-19,20240519,吴中,阴-多云,28,19,35,1,东南风,3级,优,,,,,,,,,,,
2024-05-20,20240520,吴中,多云,28,20,36,1,东南风,3级,优,,,,,,,,,,,
2024-05-21,20240521,吴中,阴,28,21,28,1,东南风,3级,优,,,,,,,,,,,
2024-05-22,20240522,吴中,阴-多云,27,20,38,1,东风,2级,优,,,,,,,,,,,
2024-05-23,20240523,吴中,雾-晴,29,20,43,1,东南风,2级,优,,,,,,,,,,,
2024-05-24,20240524,吴中,多云-晴,30,20,45,1,东风,2级,优,,,,,,,,,,,
2024-05-25,20240525,吴中,多云,27,21,30,1,东南风,3级,优,,,,,,,,,,,
2024-05-26,20240526,吴中,多云,33,22,34,1,无持续风向,2级,优,,,,,,,,,,,
2024-05-27,20240527,吴中,小雨-阴,23,15,38,1,东风,3级,优,,,,,,,,,,,
2024-05-28,20240528,吴中,晴,27,16,35,1,无持续风向,2级,优,,,,,,,,,,,
2024-05-29,20240529,吴中,多云-晴,27,17,37,1,东南风,3级,优,,,,,,,,,,,
2024-05-30,20240530,吴中,多云-阴,25,19,41,1,东南风,2级,优,,,,,,,,,,,
2024-05-31,20240531,吴中,小雨-阴,22,19,55,2,无持续风向,1级,良,,,,,,,,,,,
2024-06-01,20240601,吴中,阴-晴,26,19,42,1,东风,1级,优,,,,,,,,,,,
2024-06-02,20240602,吴中,多云,27,18,37,1,东南风,2级,优,,,,,,,,,,,
2024-06-03,20240603,吴中,多云-晴,30,20,55,2,无持续风向,2级,良,,,,,,,,,,,
2024-06-04,20240604,吴中,晴-多云,28,20,62,2,东风,2级,良,,,,,,,,,,,
2024-06-05,20240605,吴中,雨-阴,23,18,48,1,东南风,2级,优,,,,,,,,,,,
2024-06-06,20240606,吴中,阴,23,17,38,1,东南风,2级,优,,,,,,,,,,,
2024-06-07,20240607,吴中,多云-阴,24,18,32,1,东南风,2级,优,,,,,,,,,,,
2024-06-08,20240608,吴中,多云,30,20,52,2,东南风,2级,良,,,,,,,,,,,
2024-06-09,20240609,吴中,阴-晴,31,22,53,2,南风,2级,良,,,,,,,,,,,
2024-06-10,20240610,吴中,多云-阴,26,22,39,1,东南风,2级,优,,,,,,,,,,,
2024-06-11,20240611,吴中,多云,25,21,29,1,东南风,2级,优,,,,,,,,,,,
2024-06-12,20240612,吴中,阴,31,22,43,1,东风,1级,优,,,,,,,,,,,
2024-06-13,20240613,吴中,多云,32,23,76,2,东南风,2级,良,,,,,,,,,,,
2024-06-14,20240614,吴中,多云-阴,32,23,60,2,东南风,2级,良,,,,,,,,,,,
2024-06-15,20240615,吴中,多云-晴,33,23,60,2,东南风,2级,良,,,,,,,,,,,
2024-06-16,20240616,吴中,多云,32,23,47,1,东风,3级,优,,,,,,,,,,,
2024-06-17,20240617,吴中,雨-多云,30,23,38,1,东风,2级,优,,,,,,,,,,,
2024-06-18,20240618,吴中,晴,29,22,40,1,东南风,3级,优,,,,,,,,,,,
2024-06-19,20240619,吴中,雨-阴,25,22,23,1,南风,2级,优,,,,,,,,,,,
2024-06-20,20240620,吴中,雨-雾,30,25,21,1,西风,2级,优,,,,,,,,,,,
2024-06-21,20240621,吴中,大雨-雾,27,24,33,1,南风,1级,优,,,,,,,,,,,
2024-06-22,20240622,吴中,小雨-阴,28,25,26,1,西风,1级,优,,,,,,,,,,,
2024-06-23,20240623,吴中,多云-雾,27,21,25,1,西南风,2级,优,,,,,,,,,,,
2024-06-24,20240624,吴中,晴-阴,29,22,25,1,西南风,2级,优,,,,,,,,,,,
2024-06-25,20240625,吴中,阴-多云,26,22,33,1,无持续风向,2级,优,,,,,,,,,,,
2024-06-26,20240626,吴中,多云-晴,24,22,27,1,东风,2级,优,,,,,,,,,,,
2024-06-27,20240627,吴中,晴,25,22,19,1,西风,2级,优,,,,,,,,,,,
2024-06-28,20240628,吴中,雾-多云,26,22,18,1,南风,2级,优,,,,,,,,,,,
2024-06-29,20240629,吴中,阴-多云,30,24,27,1,南风,3级,优,,,,,,,,,,,
2024-06-30,20240630,吴中,中雨-多云,26,24,30,1,西南风,2级,优,,,,,,,,,,,
2024-07-01,20240701,吴中,多云,30,25,27,1,南风,2级,优,,,,,,,,,,,
2024-07-02,20240702,吴中,小雨-多云,31,24,33,1,西风,3级,优,,,,,,,,,,,
2024-07-03,20240703,吴中,阴-晴,34,24,26,1,无持续风向,1级,优,,,,,,,,,,,
2024-07-04,20240704,吴中,多云,37,27,37,1,西南风,2级,优,,,,,,,,,,,
2024-07-05,20240705,吴中,多云-阴,38,28,31,1,无持续风向,2级,优,,,,,,,,,,,
2024-07-06,20240706,吴中,阴-多云,35,30,43,1,西南风,2级,优,,,,,,,,,,,
2024-07-07,20240707,吴中,阴-多云,37,29,30,1,南风,2级,优,,,,,,,,,,,
2024-07-08,20240708,吴中,阴,37,31,40,1,西南风,2级,优,,,,,,,,,,,
2024-07-09,20240709,吴中,阴-多云,36,30,39,1,西南风,2级,优,,,,,,,,,,,
2024-07-10,20240710,吴中,大雨-阴,32,24,29,1,西风,2级,优,,,,,,,,,,,
2024-07-11,20240711,吴中,多云-阴,26,23,28,1,无持续风向,2级,优,,,,,,,,,,,
2024-07-12,20240712,吴中,雾-晴,28,24,35,1,无持续风向,1级,优,,,,,,,,,,,
2024-07-13,20240713,吴中,雾-阴,31,25,30,1,西南风,2级,优,,,,,,,,,,,
2024-07-14,20240714,吴中,阴,29,26,25,1,西风,1级,优,,,,,,,,,,,
2024-07-15,20240715,吴中,阴-雾,33,26,55,2,南风,1级,良,,,,,,,,,,,
2024-07-16,20240716,吴中,阴-多云,36,28,48,1,南风,2级,优,,,,,,,,,,,
2024-07-17,20240717,吴中,阴,35,29,36,1,南风,2级,优,,,,,,,,,,,
2024-07-18,20240718,吴中,阴,37,29,36,1,西南风,2级,优,,,,,,,,,,,
2024-07-19,20240719,吴中,阴,38,29,35,1,南风,1级,优,,,,,,,,,,,
2024-07-20,20240720,吴中,多云,37,30,39,1,南风,2级,优,,,,,,,,,,,
2024-07-21,20240721,吴中,多云,39,30,45,1,东南风,2级,优,,,,,,,,,,,
2024-07-22,20240722,吴中,晴-多云,39,30,52,2,东南风,2级,良,,,,,,,,,,,
2024-07-23,20240723,吴中,晴-多云,37,30,34,1,东南风,2级,优,,,,,,,,,,,
2024-07-24,20240724,吴中,多云,34,29,22,1,东南风,3级,优,,,,,,,,,,,
2024-07-25,20240725,吴中,多云-阴,33,28,26,1,东风,4级,优,,,,,,,,,,,
2024-07-26,20240726,吴中,雨-多云,31,26,26,1,东风,4级,优,,,,,,,,,,,
2024-07-27,20240727,吴中,阴-多云,33,28,22,1,东南风,4级,优,,,,,,,,,,,
2024-07-28,20240728,吴中,多云,35,28,23,1,东南风,3级,优,,,,,,,,,,,
2024-07-29,20240729,吴中,晴,36,28,25,1,东南风,3级,优,,,,,,,,,,,
2024-07-30,20240730,吴中,多云-晴,36,28,27,1,东南风,2级,优,,,,,,,,,,,
2024-07-31,20240731,吴中,多云-阴,38,29,33,1,南风,2级,优,,,,,,,,,,,
